code;designation;designation2;categorie;famille;unite;conditionnement
200001;ACIDE ASCORBIQUE;;MATIERE PREMIERE;CONSERVATEUR;KG;CARTON
200002;ACIDE ASCORBIQUE 100 MESH;E300;MATIERE PREMIERE;CONSERVATEUR;KG;CARTON
200003;ACIDE ASCORBIQUE 80 MESH;E300;MATIERE PREMIERE;CONSERVATEUR;KG;CARTON
200004;ACIDE SCORBIQUE;;MATIERE PREMIERE;CONSERVATEUR;KG;CARTON
100001;ALUMINIUM FOIL SHEL FOR CHEESE 120*154;;EMBALLAGE;ALUMINIUM;KG;BOBINE
100002;ALUMINIUM FOIL SHEL FOR CHEESE 120*88;;EMBALLAGE;ALUMINIUM;KG;BOBINE
100003;ALUMINIUM FOIL YAOURT LID 380*350;;EMBALLAGE;ALUMINIUM;KG;BOBINE
100004;ALUMINIUM FOIL YAOURT LID 380*385;;EMBALLAGE;ALUMINIUM;KG;BOBINE
100005;ALUMINIUM LID REEL 88 MM;;EMBALLAGE;ALUMINIUM;KG;BOBINE
100006;ALUMINIUM OPP 15 JAUNE L200;;EMBALLAGE;ALUMINIUM;KG;BOBINE
100007;ALUMINIUM PREDECOUPE;;EMBALLAGE;ALUMINIUM;UNITE;SACHET
200005;AMIDON K02;;MATIERE PREMIERE;AMIDON;KG;
200006;AMITEX;E1404 & E1450;MATIERE PREMIERE;AMIDON;KG;SAC
200007;AMITEX FR 05;;MATIERE PREMIERE;AMIDON;KG;
100008;AMOI ALUMINIUM LID REEL 49 MM;;EMBALLAGE;ALUMINIUM;KG;BOBINE
200008;AVEBE ELIANE 540VE;;MATIERE PREMIERE;AMIDON;KG;SAC
200009;AVEBE ELIANE 580VE;;MATIERE PREMIERE;AMIDON;KG;SAC
200010;AVEBE ELIANE C300;;MATIERE PREMIERE;AMIDON;KG;SAC
200011;AVEBE PASELLI MC150;;MATIERE PREMIERE;AMIDON;KG;
200012;AVEBE PERFECTAMYL AC;;MATIERE PREMIERE;AMIDON;KG;SAC
200013;AVEBE PERFECTAMYL GEL;;MATIERE PREMIERE;AMIDON;KG;SAC
200014;AVEBE PERFECTAMYL GEL ACT;;MATIERE PREMIERE;AMIDON;KG;SAC
200015;AVEBE PERFECTAMYL GEL EMB;;MATIERE PREMIERE;AMIDON;KG;SAC
200016;BIOTEC BBFB;;MATIERE PREMIERE;FERMENT LACTIQUE;UNITE;SACHET
200017;BIOTEC G.CANDIDUM 10 U;;MATIERE PREMIERE;FERMENT LACTIQUE;UNITE;SAC
200018;BIOTEC G.CANDIDUM 50 U;;MATIERE PREMIERE;FERMENT LACTIQUE;UNITE;SAC
200019;BIOTEC L.HEL 10U;;MATIERE PREMIERE;FERMENT LACTIQUE;UNITE;SAC
200020;BIOTEC M1 10U;;MATIERE PREMIERE;FERMENT LACTIQUE;UNITE;SAC
200021;BIOTEC MCL 10U;;MATIERE PREMIERE;FERMENT LACTIQUE;UNITE;SAC
200022;BIOTEC MCL MX1 10U;;MATIERE PREMIERE;FERMENT LACTIQUE;UNITE;SAC
200023;BIOTEC MCL MX1 10U;;MATIERE PREMIERE;FERMENT LACTIQUE;UNITE;SAC
200024;BIOTEC MCL MX2 10U;;MATIERE PREMIERE;FERMENT LACTIQUE;UNITE;SAC
200025;BIOTEC MCL MX3 10U;;MATIERE PREMIERE;FERMENT LACTIQUE;UNITE;SAC
200026;BIOTEC MCL1 10U;;MATIERE PREMIERE;FERMENT LACTIQUE;UNITE;SAC
200027;BIOTEC MCL1 50U;;MATIERE PREMIERE;FERMENT LACTIQUE;UNITE;SAC
200028;BIOTEC MCL2 10U;;MATIERE PREMIERE;FERMENT LACTIQUE;UNITE;SAC
200029;BIOTEC MCL2 50U;;MATIERE PREMIERE;FERMENT LACTIQUE;UNITE;SAC
200030;BIOTEC MCL3 10U;;MATIERE PREMIERE;FERMENT LACTIQUE;UNITE;SAC
200031;BIOTEC MCL3 50U;;MATIERE PREMIERE;FERMENT LACTIQUE;UNITE;SAC
200032;BIOTEC ML MX1 10U (TYPE EDAM);;MATIERE PREMIERE;FERMENT LACTIQUE;UNITE;SAC
200033;BIOTEC ML MX2 10U (TYPE EDAM);;MATIERE PREMIERE;FERMENT LACTIQUE;UNITE;SAC
200034;BIOTEC ML MX3;;MATIERE PREMIERE;FERMENT LACTIQUE;UNITE;SAC
200035;BIOTEC ML MX3 10U (TYPE EDAM);;MATIERE PREMIERE;FERMENT LACTIQUE;UNITE;SAC
200036;BIOTEC ML MX4 10U (TYPE EDAM);;MATIERE PREMIERE;FERMENT LACTIQUE;UNITE;SAC
200037;BIOTEC ML10 10U;;MATIERE PREMIERE;FERMENT LACTIQUE;UNITE;SAC
200038;BIOTEC ML11 10U;;MATIERE PREMIERE;FERMENT LACTIQUE;UNITE;SAC
200039;BIOTEC ML9 10U;;MATIERE PREMIERE;FERMENT LACTIQUE;UNITE;SAC
200040;BIOTEC P.CANDIDUM 10U;;MATIERE PREMIERE;FERMENT LACTIQUE;UNITE;SAC
200041;BIOTEC P.CANDIDUM 50U;;MATIERE PREMIERE;FERMENT LACTIQUE;UNITE;SAC
200042;BIOTEC P.CANDIDUM AM 10U;;MATIERE PREMIERE;FERMENT LACTIQUE;UNITE;SAC
200043;BIOTEC P.CANDIDUM AM 50U;;MATIERE PREMIERE;FERMENT LACTIQUE;UNITE;SAC
200044;BIOTEC P.ROQUEFORTI 10U;;MATIERE PREMIERE;FERMENT LACTIQUE;UNITE;SAC
200045;BIOTEC PROPIONICO 10U;;MATIERE PREMIERE;FERMENT LACTIQUE;UNITE;SAC
200046;BIOTEC ST MX1 10U;;MATIERE PREMIERE;FERMENT LACTIQUE;UNITE;SACHET
200047;BIOTEC ST MX1 10U (TYPE CAMEMBERT);;MATIERE PREMIERE;FERMENT LACTIQUE;UNITE;SACHET
200048;BIOTEC ST MX1 50U (TYPE CAMEMBERT);;MATIERE PREMIERE;FERMENT LACTIQUE;UNITE;SACHET
200049;BIOTEC ST MX1 50U (TYPE CAMEMBERT);;MATIERE PREMIERE;FERMENT LACTIQUE;UNITE;SAC
200050;BIOTEC ST MX2 10U (TYPE CAMEMBERT);;MATIERE PREMIERE;FERMENT LACTIQUE;UNITE;
200051;BIOTEC ST MX2 50U (TYPE CAMEMBERT);;MATIERE PREMIERE;FERMENT LACTIQUE;UNITE;SAC
200052;BIOTEC ST MX3 10U (TYPE CAMEMBERT);;MATIERE PREMIERE;FERMENT LACTIQUE;UNITE;SAC
200053;BIOTEC ST MX3 50U (TYPE CAMEMBERT);;MATIERE PREMIERE;FERMENT LACTIQUE;UNITE;SAC
200054;BIOTEC ST MX4 10U (TYPE CAMEMBERT);;MATIERE PREMIERE;FERMENT LACTIQUE;UNITE;SAC
200055;BIOTEC ST MX4 50U (TYPE CAMEMBERT);;MATIERE PREMIERE;FERMENT LACTIQUE;UNITE;SAC
200056;BIOTEC STT MMX;;MATIERE PREMIERE;FERMENT LACTIQUE;UNITE;SACHET
200057;BIOTEC STTH MX 10U;;MATIERE PREMIERE;FERMENT LACTIQUE;UNITE;SACHET
200058;BIOTEC STTH MX1 10U (TYPE MOZZARELA);;MATIERE PREMIERE;FERMENT LACTIQUE;UNITE;SACHET
200059;BIOTEC STTH MX2 10U (TYPE MOZZARELA);;MATIERE PREMIERE;FERMENT LACTIQUE;UNITE;SACHET
200060;BIOTEC STTH MX3 10U (TYPE MOZZARELA);;MATIERE PREMIERE;FERMENT LACTIQUE;UNITE;SACHET
200061;BIOTEC STTH MX4 10U (TYPE MOZZARELA);;MATIERE PREMIERE;FERMENT LACTIQUE;UNITE;SACHET
200062;BIOTEC YOGURT SCT 15/4 10U;;MATIERE PREMIERE;FERMENT LACTIQUE;UNITE;SAC
200063;BIOTEC YOGURT SCT 16/4 10U;;MATIERE PREMIERE;FERMENT LACTIQUE;UNITE;SAC
200064;BIOTEC YOGURT SF18 10U;;MATIERE PREMIERE;FERMENT LACTIQUE;UNITE;SACHET
200065;BIOTEC YOGURT SF18 E;;MATIERE PREMIERE;FERMENT LACTIQUE;UNITE;SAC
200066;BIOTEC YOGURT SF19 10U;;MATIERE PREMIERE;FERMENT LACTIQUE;UNITE;SACHET
200067;BIOTEC YOGURT SF19 E;;MATIERE PREMIERE;FERMENT LACTIQUE;UNITE;SAC
100009;CAISSE EMBALLAGE (DANONE);;EMBALLAGE;DIVERS;UNITE;
200068;CARAGHENANE;E407;MATIERE PREMIERE;EPAISSISSANT;KG;SAC
200069;CARINSA ARÔME FROMAGE;;MATIERE PREMIERE;ARÔME;KG;CARTON
100010;CARTON 1000Y;;EMBALLAGE;DIVERS;UNITE;CARTON
100011;CARTON 100Y;;EMBALLAGE;DIVERS;UNITE;CARTON
200070;CASEINE;;MATIERE PREMIERE;PROTEINE;KG;SAC
200071;CHEESE MASTER E1450;;MATIERE PREMIERE;AMIDON;KG;SAC
200072;CHICKEN NUGGETS SEAS;;MATIERE PREMIERE;ARÔME;KG;SAC
100012;CLIP BP2X-CM500;;EMBALLAGE;DIVERS;KG;CARTON
100013;CLIP PCE1CM250;;EMBALLAGE;DIVERS;KG;CARTON
100014;CLIP PCE2CM250;;EMBALLAGE;DIVERS;KG;CARTON
200073;CMC;E466;MATIERE PREMIERE;CONSERVATEUR;KG;SAC
200074;COAGULANT MICROBIEN;;MATIERE PREMIERE;FERMENT LACTIQUE;UNITE;SACHET
100015;CONSTANTIA FLEXIBLES KOKILLE FBL 145 MM;;EMBALLAGE;ALUMINIUM;KG;
100016;CONSTANTIA FLEXIBLES KOKILLE FBL 180 MM;;EMBALLAGE;ALUMINIUM;KG;
100017;CONSTANTIA FLEXIBLES KOKILLE TARTINO GOLD 145MM;;EMBALLAGE;ALUMINIUM;KG;
100018;CONSTANTIA FLEXIBLES SHELL FOIL 88MM;;EMBALLAGE;ALUMINIUM;KG;
100019;CONSTANTIA TEICH ALUMINIUM KOKILLE 154 MM;;EMBALLAGE;ALUMINIUM;KG;BOBINE
100020;CONSTANTIA TEICH ALUMINIUM LID REEL 49 MM;;EMBALLAGE;ALUMINIUM;KG;BOBINE
100021;CONSTANTIA TEICH ALUMINIUM OPP 200 MM;;EMBALLAGE;ALUMINIUM;KG;BOBINE
100022;CONSTANTIA TEICH ALUMINIUM OPP 240 MM;;EMBALLAGE;ALUMINIUM;KG;BOBINE
100023;CONSTANTIA TEICH ALUMINIUM OPP 280 MM;;EMBALLAGE;ALUMINIUM;KG;BOBINE
100024;CONSTANTIA TEICH ALUMINIUM OPP 330 MM;;EMBALLAGE;ALUMINIUM;KG;BOBINE
200075;DATEM E472E;E472E;MATIERE PREMIERE;EMULSIFIANT;KG;SAC
200076;DMG E471;E471;MATIERE PREMIERE;EMULSIFIANT;KG;SAC
200077;ECO AGRI TAPIOCA;;MATIERE PREMIERE;AMIDON;KG;SAC
200078;FECULE AKV;;MATIERE PREMIERE;AMIDON;KG;SAC
100025;FIL D'ARRACHAGE ROUGE;;EMBALLAGE;DIVERS;ML;BOBINE
100026;FILM PL;;EMBALLAGE;FILM;KG;ROULEAU
200079;GD TRADING BLEND MAYONNAISE;;MATIERE PREMIERE;AMIDON;KG;SAC
200080;GD TRADING BLEND MELANGE AMIDON;;MATIERE PREMIERE;AMIDON;KG;SAC
200081;GRAISSE VEGETALE 3840;;MATIERE PREMIERE;GRAISSE VEGETALE;KG;CARTON
200082;HANGZHOU GENGYANG CHEMICAL MATERIALS PGE E475;E475;MATIERE PREMIERE;EMULSIFIANT;KG;SAC
200083;HENAN CHEMSINO INDUSTRY PGE E475;E475;MATIERE PREMIERE;EMULSIFIANT;KG;SAC
200084;HGYCM ACETEM E472A;E472A;MATIERE PREMIERE;EMULSIFIANT;KG;SAC
200085;HYDROSOL HYDROGUM;E415;MATIERE PREMIERE;STABILISANT;KG;CARTON
200086;INTERSTARCH ALLSTARCH AXA 310;E1422 A CHAUD;MATIERE PREMIERE;AMIDON;KG;SAC
200087;INTERSTARCH ALLSTARCH AXA CWS 30.50;E1422 A FROID;MATIERE PREMIERE;AMIDON;KG;SAC
200088;INTERSTARCH ALLSTARCH SWELLSTAR CWS30;ENROBAGE;MATIERE PREMIERE;AMIDON;KG;SAC
100027;IPS ALUMINIUM KOKILLE 145 MM;;EMBALLAGE;ALUMINIUM;KG;BOBINE
100028;IPS ALUMINIUM KOKILLE 154 MM FBL;;EMBALLAGE;ALUMINIUM;KG;BOBINE
100029;IPS ALUMINIUM LID REEL 49 MM;;EMBALLAGE;ALUMINIUM;KG;BOBINE
200089;JOHA PZ6;;MATIERE PREMIERE;SEL DE FONTE;KG;
200090;KERRY ADHESION PREDUST 71021676;;MATIERE PREMIERE;FARINE;KG;SAC
200091;KERRY ARÔME CHEESE FLV TP CHEDDAR;;MATIERE PREMIERE;ARÔME;KG;
200092;KERRY BIOBAKE 715 CONC;;MATIERE PREMIERE;ENZYME;KG;CARTON
200093;KERRY BIOBAKE ER;;MATIERE PREMIERE;ENZYME;KG;CARTON
200094;KERRY BIOBAKE FRESH 10K;;MATIERE PREMIERE;ENZYME;KG;CARTON
200095;KERRY BIOGOX;;MATIERE PREMIERE;ENZYME;KG;CARTON
200096;KERRY BMA 804 ADHESION BATTER;;MATIERE PREMIERE;FARINE;KG;SAC
200097;KERRY BREADCRUMB 5078;;MATIERE PREMIERE;CHAPELURE;KG;SAC
200098;KERRY BREADCRUMB 5078 (JAUNE);;MATIERE PREMIERE;CHAPELURE;KG;SAC
200099;KERRY MYVATEX;;MATIERE PREMIERE;EMULSIFIANT;KG;SAC
200100;KERRY MYVEROL 18-04K;E471;MATIERE PREMIERE;EMULSIFIANT;KG;SAC
200101;KERRY PANIERMEHL 2109;;MATIERE PREMIERE;CHAPELURE;KG;SAC
200102;KERRY PANIERMEHL 2109 (ORANGE);;MATIERE PREMIERE;CHAPELURE;KG;SAC
200103;KERRY PROBAKE CP;E282;MATIERE PREMIERE;CONSERVATEUR;KG;SAC
200104;KERRY PROBAKE CPE;E282;MATIERE PREMIERE;CONSERVATEUR;KG;CARTON
200105;KERRY PROVIAN N;;MATIERE PREMIERE;CONSERVATEUR;KG;
200107;KERRY WHIPTREME 8225;;MATIERE PREMIERE;BASE FOISONNANTE;KG;SAC
200106;KERRY WHIPTREME 8264;;MATIERE PREMIERE;BASE FOISONNANTE;KG;SAC
200107;KERRY WHIPTREME 8313;;MATIERE PREMIERE;BASE FOISONNANTE;KG;SAC
200108;KUNDA SORBATE DE POTASSIUM;E202;MATIERE PREMIERE;CONSERVATEUR;KG;CARTON
200109;LACTEM E472B;E472B;MATIERE PREMIERE;EMULSIFIANT;KG;BIDON
200110;LACTOSERUM ENCAPSULE;;MATIERE PREMIERE;LEVURE;KG;SAC
200111;LEVURE INSTANTANEE;;MATIERE PREMIERE;FERMENT;KG;CARTON
200112;LISOZYMA;;MATIERE PREMIERE;ENZYME;UNITE;SACHET
200113;MEGAFFOD ACIDE CITRIQUE ANHYDRE;E330;MATIERE PREMIERE;CONSERVATEUR;KG;SAC
200114;MEGAFOOD ACIDE FUMARIQUE ENCAPSULE;E297;MATIERE PREMIERE;CONSERVATEUR;KG;SAC
200115;MEGAFOOD ACIDE MALIQUE ENCAPSULE;E296;MATIERE PREMIERE;CONSERVATEUR;KG;SAC
200116;MEGAFOOD ACIDE SORBIQUE ENCAPSULE;E200;MATIERE PREMIERE;CONSERVATEUR;KG;SAC
200117;MEGAFOOD CITRUS FIBER;;MATIERE PREMIERE;PROTEINE;KG;
200118;MEGAFOOD CITRUS FIBRE ENCAPSULE;;MATIERE PREMIERE;CONSERVATEUR;KG;SAC
200119;MEGAFOOD FERMENTED WHEYPOWDER;;MATIERE PREMIERE;PROTEINE;KG;
200120;MEGAFOOD NATURAL CALCIUM PROPIONATE;E282;MATIERE PREMIERE;CONSERVATEUR;KG;
200121;MEGAFOOD NATURAL CALCIUM PROPIONATE 50%;E282;MATIERE PREMIERE;CONSERVATEUR;KG;
200122;MOGUNTIA FOOD ARÔME BRILLANTE AIL ROUGE;;MATIERE PREMIERE;ARÔME;KG;
200123;MOGUNTIA FOOD ARÔME BRILLANTE AU OIGNON FRIT;;MATIERE PREMIERE;ARÔME;KG;
200124;MOGUNTIA FOOD ARÔME BRILLANTE MAITRE HOTEL;;MATIERE PREMIERE;ARÔME;KG;
200125;MOGUNTIA FOOD ARÔME BRILLANTE PROVENCE;;MATIERE PREMIERE;ARÔME;KG;
200126;MOGUNTIA FOOD ARÔME BRILLANTE SMOKEY BARBECUE;;MATIERE PREMIERE;ARÔME;KG;
200127;MOGUNTIA FOOD ARÔME CACHIR CUMIN;;MATIERE PREMIERE;ARÔME;KG;
200128;MOGUNTIA FOOD ARÔME CHEDDAR;;MATIERE PREMIERE;ARÔME;KG;SAC
200129;MOGUNTIA FOOD ARÔME DEBREZINER;;MATIERE PREMIERE;ARÔME;KG;
200130;MOGUNTIA FOOD ARÔME EMMENTAL;;MATIERE PREMIERE;ARÔME;KG;CARTON
200131;MOGUNTIA FOOD ARÔME FORTE PF;;MATIERE PREMIERE;ARÔME;KG;
200132;MOGUNTIA FOOD ARÔME GOUDA AMOUR;;MATIERE PREMIERE;ARÔME;KG;SAC
200133;MOGUNTIA FOOD ARÔME HOT DOG;;MATIERE PREMIERE;ARÔME;KG;
200134;MOGUNTIA FOOD ARÔME HOT SPICY;;MATIERE PREMIERE;ARÔME;KG;
200135;MOGUNTIA FOOD ARÔME INTERROT;;MATIERE PREMIERE;ARÔME;KG;
200136;MOGUNTIA FOOD ARÔME KEBAB DÉLICE;;MATIERE PREMIERE;ARÔME;KG;
200137;MOGUNTIA FOOD ARÔME LUNCHEON INTENSIF;;MATIERE PREMIERE;ARÔME;KG;
200138;MOGUNTIA FOOD ARÔME LUNCHEON SPECIAL;;MATIERE PREMIERE;ARÔME;KG;
200139;MOGUNTIA FOOD ARÔME MERGUEZ DÉLICE;;MATIERE PREMIERE;ARÔME;KG;
200140;MOGUNTIA FOOD ARÔME PATÉ FROMAGE;;MATIERE PREMIERE;ARÔME;KG;
200141;MOGUNTIA FOOD ARÔME PATÉ PIZZA;;MATIERE PREMIERE;ARÔME;KG;
200142;MOGUNTIA FOOD ARÔME PEPPERONI;;MATIERE PREMIERE;ARÔME;KG;
200143;MOGUNTIA FOOD ARÔME POEKELFIT P SPECIAL;;MATIERE PREMIERE;ARÔME;KG;
200144;MOGUNTIA FOOD ARÔME PREPARATION SAUCISSE FRANCFORT;;MATIERE PREMIERE;ARÔME;KG;
200145;MOGUNTIA FOOD ARÔME SMOOX;;MATIERE PREMIERE;ARÔME;KG;
200146;MOGUNTIA FOOD ARÔME TIROLER;;MATIERE PREMIERE;ARÔME;KG;
200147;MOGUNTIA FOOD ARÔME TURBO VOLAILLE;;MATIERE PREMIERE;ARÔME;KG;
200148;MOGUNTIA FOOD ARÔME VIANDE;;MATIERE PREMIERE;ARÔME;KG;
100030;MULTIPACK MPR E210;;EMBALLAGE;DIVERS;UNITE;
100031;MULTIPACK MPR E220;;EMBALLAGE;DIVERS;UNITE;
200149;NANTONG ACIDE SORBIQUE;E200;MATIERE PREMIERE;CONSERVATEUR;KG;CARTON
200150;NIACET PROBAKE CP;E282;MATIERE PREMIERE;CONSERVATEUR;KG;
100032;PALETTE EN BOIS 100x120;;EMBALLAGE;DIVERS;UNITE;
100033;PALETTE EN BOIS 100x140;;EMBALLAGE;DIVERS;UNITE;
200151;PARRAFINE JAUNE;;MATIERE PREMIERE;PARAFFINE;KG;CARTON
200152;PARRAFINE JAUNE (CARTON);;MATIERE PREMIERE;PARAFFINE;KG;CARTON
200153;PARRAFINE ROUGE;;MATIERE PREMIERE;PARAFFINE;KG;CARTON
200154;PARRAFINE ROUGE (CARTON);;MATIERE PREMIERE;PARAFFINE;KG;CARTON
200155;PGPR E476;E476;MATIERE PREMIERE;EMULSIFIANT;KG;BIDON
100034;POLYBOL ALUMINIUM OPP 280 MM;;EMBALLAGE;ALUMINIUM;KG;BOBINE
200156;POTASSIUM SORBATE GRANULAR;;MATIERE PREMIERE;CONSERVATEUR;KG;
200157;POUDRE DE LAIT 0%;;MATIERE PREMIERE;LAIT;UNITE;SACHET
200158;PREGEL;;MATIERE PREMIERE;AMIDON;KG;SAC
200159;RIO BLANCO QUEFOS 12;;MATIERE PREMIERE;SEL DE FONTE;KG;SAC
200160;RIO BLANCO QUEFOS 15;;MATIERE PREMIERE;SEL DE FONTE;KG;SAC
200161;RIO BLANCO QUEFOS 26;;MATIERE PREMIERE;SEL DE FONTE;KG;
200162;RIO BLANCO QUEFOS 51N;;MATIERE PREMIERE;SEL DE FONTE;KG;SAC
200163;RIO BLANCO QUEFOS 89;;MATIERE PREMIERE;SEL DE FONTE;KG;SAC
200164;ROQUETTE CH10;;MATIERE PREMIERE;AMIDON;KG;SAC
200165;ROQUETTE CH30;A CHAUD;MATIERE PREMIERE;AMIDON;KG;FUT
200166;ROQUETTE CH40;A FROID;MATIERE PREMIERE;AMIDON;KG;SAC
100035;RUBAN ADHESIF 1000Y 38µ;;EMBALLAGE;RUBAN ADHESIF;UNITE;CARTON
100036;RUBAN ADHESIF 1000Y 50µ;;EMBALLAGE;RUBAN ADHESIF;UNITE;CARTON
100037;RUBAN ADHESIF 100Y 38µ;;EMBALLAGE;RUBAN ADHESIF;UNITE;CARTON
100038;RUBAN ADHESIF 100Y 50µ;;EMBALLAGE;RUBAN ADHESIF;UNITE;CARTON
100039;RUBAN ADHESIF 150Y 38µ;;EMBALLAGE;RUBAN ADHESIF;UNITE;CARTON
100040;RUBAN ADHESIF 160Y 38µ;;EMBALLAGE;RUBAN ADHESIF;UNITE;CARTON
100041;RUBAN ADHESIF 170Y 38µ;;EMBALLAGE;RUBAN ADHESIF;UNITE;CARTON
100042;RUBAN ADHESIF 200Y 38µ;;EMBALLAGE;RUBAN ADHESIF;UNITE;CARTON
100043;RUBAN ADHESIF 300Y 38µ;;EMBALLAGE;RUBAN ADHESIF;UNITE;CARTON
100044;RUBAN ADHESIF 30Y 38µ;;EMBALLAGE;RUBAN ADHESIF;UNITE;CARTON
100045;RUBAN ADHESIF 50Y 38µ;;EMBALLAGE;RUBAN ADHESIF;UNITE;CARTON
100046;RUBAN ADHESIF 60Y 38µ;;EMBALLAGE;RUBAN ADHESIF;UNITE;CARTON
100047;RUBAN ADHESIF 80Y 38µ;;EMBALLAGE;RUBAN ADHESIF;UNITE;CARTON
100048;SAC 25 KG;;EMBALLAGE;DIVERS;UNITE;
200167;SODIUM ACID PYROPHOSPHATE;;MATIERE PREMIERE;CONSERVATEUR;KG;
200168;SODIUM ACID PYROPHOSPHATE 28;E450I;MATIERE PREMIERE;CONSERVATEUR;KG;SAC
200169;SPIGA GLYCEROL EP (FUT);;MATIERE PREMIERE;HUMIDIFIANT;L;
200170;SPIGA GLYCEROL EP (IBC);;MATIERE PREMIERE;HUMIDIFIANT;L;
200171;SSL E481;E481;MATIERE PREMIERE;EMULSIFIANT;KG;SAC
200172;SUCRE;;MATIERE PREMIERE;SUCRE;UNITE;SAC
200173;SUIMED PARRAFINE ROUGE (NOUVEAU);;MATIERE PREMIERE;PARAFFINE;KG;CARTON
200174;TECNALIS FOOD PROCESSING PARRAFINE JAUNE;;MATIERE PREMIERE;PARAFFINE;KG;CARTON
200175;TECNALIS FOOD PROCESSING PARRAFINE ROUGE;;MATIERE PREMIERE;PARAFFINE;KG;CARTON
100049;TEFLON 12;;EMBALLAGE;ALUMINIUM;UNITE;BOBINE
100050;TEFLON 22;;EMBALLAGE;ALUMINIUM;UNITE;BOBINE
100051;TIRCEL 81MM EXTERIEUR;;EMBALLAGE;ALUMINIUM;KG;BOBINE
100052;TIRCEL INTERIEUR;;EMBALLAGE;ALUMINIUM;KG;BOBINE
100053;TIRCEL P30V1 AR 8MMG INTERIEUR;;EMBALLAGE;ALUMINIUM;KG;BOBINE
100054;TUBE EN CARTON 03MM;;EMBALLAGE;DIVERS;UNITE;
100055;TUBE EN CARTON 04MM;;EMBALLAGE;DIVERS;UNITE;
200176;VINCURD;;MATIERE PREMIERE;AMIDON;KG;SAC
200177;VINPAI MELTALPA;;MATIERE PREMIERE;AMIDON;KG;SAC
200178;VINPAI MOZZALPA;;MATIERE PREMIERE;AMIDON;KG;SAC
200179;VPLAST NATAMYCINE;E235;MATIERE PREMIERE;CONSERVATEUR;KG;BIDON
200180;XANTHAN GUM 80MESH E415;;MATIERE PREMIERE;EMULSIFIANT;KG;
