ITEM;STATUT;STATUT 2;CODE ARTICLE;DESIGNATION;DESIGNATION2;FABRICANT;EMPLOI GD;CATEGORIE;FAMILLE;APPLICATION;U.M.;CONDITIONNEMENT;FREQUENCE (j);SOURCE;ORIGINE;STOCK DISPONIBLE;ARRIVAGE;DATE ARRIVAGE;STOCK VIRTUEL;Janvier;Février;Mars;Avril;Mai;Juin;Juillet;Août;Septembre;Octobre;Novembre;Décembre;STOCK SECURITE;STOCK MIN;STOCK ALERTE;STOCK MAX;CONS. THEORIQUE MOIS;CONS. (J);C.MAX.MOIS;CONS. REELLE MOIS;;;;;;;
1;ACTIVE;;200001;ACIDE ASCORBIQUE;;;REVENTE EN L'ETAT;MATIERE PREMIERE;CONSERVATEUR;BOISSONS-CONFITURE-COSMETIQUE-PHARMA;KG;CARTON;;INTERNATIONAL;;#REF!;;;#REF!;;;;;;;;;;;;;-;-;-;0;;0;0;-;;;;;;;
2;ACTIVE;;200002;ACIDE ASCORBIQUE 100 MESH;E300;;REVENTE EN L'ETAT;MATIERE PREMIERE;CONSERVATEUR;BOISSONS-CONFITURE-COSMETIQUE-PHARMA;KG;CARTON;;INTERNATIONAL;;#REF!;;;#REF!;;;;;;;;;;;;;-;-;-;0;;0;0;-;;;;;;;
3;ACTIVE;;200003;ACIDE ASCORBIQUE 80 MESH;E300;;REVENTE EN L'ETAT;MATIERE PREMIERE;CONSERVATEUR;BOISSONS-CONFITURE-COSMETIQUE-PHARMA;KG;CARTON;;INTERNATIONAL;;#REF!;;;#REF!;;;;;;;;;;;;;-;-;-;0;;0;0;-;;;;;;;
4;ACTIVE;;200004;ACIDE SCORBIQUE;;;REVENTE EN L'ETAT;MATIERE PREMIERE;CONSERVATEUR;BOISSONS-CONFITURE-COSMETIQUE-PHARMA;KG;CARTON;;INTERNATIONAL;;#REF!;;;#REF!;;;;;;;;;;;;;-;-;-;0;;0;0;-;;;;;;;
5;ACTIVE;;100001;ALUMINIUM FOIL SHEL FOR CHEESE 120*154;;;REVENTE EN L'ETAT;EMBALLAGE;ALUMINIUM;;KG;BOBINE;;INTERNATIONAL;;#REF!;;;#REF!;;;;;;;;;;;;;-;-;-;0;;0;0;-;;;;;;;
6;ACTIVE;;100002;ALUMINIUM FOIL SHEL FOR CHEESE 120*88;;;REVENTE EN L'ETAT;EMBALLAGE;ALUMINIUM;;KG;BOBINE;;INTERNATIONAL;;#REF!;;;#REF!;;;;;;;;;;;;;-;-;-;0;;0;0;-;;;;;;;
7;ACTIVE;;100003;ALUMINIUM FOIL YAOURT LID 380*350;;;REVENTE EN L'ETAT;EMBALLAGE;ALUMINIUM;YAOURT-RAIB-BEURRE;KG;BOBINE;;INTERNATIONAL;;#REF!;;;#REF!;;;;;;;;;;;;;-;-;-;0;;0;0;-;;;;;;;
8;ACTIVE;;100004;ALUMINIUM FOIL YAOURT LID 380*385;;;REVENTE EN L'ETAT;EMBALLAGE;ALUMINIUM;YAOURT-RAIB-BEURRE;KG;BOBINE;;INTERNATIONAL;;#REF!;;;#REF!;;;;;;;;;;;;;-;-;-;0;;0;0;-;;;;;;;
9;ACTIVE;;100005;ALUMINIUM LID REEL 88 MM;;;REVENTE EN L'ETAT;EMBALLAGE;ALUMINIUM;FROMAGE PORTION;KG;BOBINE;;INTERNATIONAL;;#REF!;;;#REF!;;;;;;;;;;;;;-;-;-;0;;0;0;-;;;;;;;
10;ACTIVE;;100006;ALUMINIUM OPP 15 JAUNE L200;;;REVENTE EN L'ETAT;EMBALLAGE;ALUMINIUM;;KG;BOBINE;;INTERNATIONAL;;#REF!;;;#REF!;;;;;;;;;;;;;-;-;-;0;;0;0;-;;;;;;;
11;ACTIVE;;100007;ALUMINIUM PREDECOUPE;;;;EMBALLAGE;ALUMINIUM;;UNITE;SACHET;;INTERNATIONAL;;#REF!;;;#REF!;;;;;;;;;;;;;-;-;-;0;;0;0;-;;;;;;;
12;ACTIVE;;200005;AMIDON K02;;;REVENTE EN L'ETAT;MATIERE PREMIERE;AMIDON;;KG;;;INTERNATIONAL;;#REF!;;;#REF!;;;;;;;;;;;;;-;-;-;0;;0;0;-;;;;;;;
13;ACTIVE;NON IDENTIFIE;200006;AMITEX;E1404 & E1450;;REVENTE EN L'ETAT;MATIERE PREMIERE;AMIDON;;KG;SAC;;INTERNATIONAL;;#REF!;;;#REF!;;;;;;;;;;;;;-;-;-;0;;0;0;-;;;;;;;
14;ACTIVE;NON IDENTIFIE;200007;AMITEX FR 05;;;REVENTE EN L'ETAT;MATIERE PREMIERE;AMIDON;;KG;;;;;#REF!;;;#REF!;;;;;;;;;;;;;-;-;-;0;;0;0;-;;;;;;;
15;ACTIVE;;100008;AMOI ALUMINIUM LID REEL 49 MM;;AMOL.SL;REVENTE EN L'ETAT;EMBALLAGE;ALUMINIUM;FROMAGE PORTION;KG;BOBINE;;INTERNATIONAL;;#REF!;;;#REF!;;;;;;;;;;;;;-;-;-;0;;0;0;-;;;;;;;
16;ACTIVE;;200008;AVEBE ELIANE 540VE;;AVEBE;REVENTE EN L'ETAT;MATIERE PREMIERE;AMIDON;;KG;SAC;;;;#REF!;;;#REF!;;;;;;;;;;;;;-;-;-;0;;0;0;-;;;;;;;
17;ACTIVE;;200009;AVEBE ELIANE 580VE;;AVEBE;REVENTE EN L'ETAT;MATIERE PREMIERE;AMIDON;;KG;SAC;;;;#REF!;;;#REF!;;;;;;;;;;;;;-;-;-;0;;0;0;-;;;;;;;
18;ACTIVE;;200010;AVEBE ELIANE C300;;AVEBE;REVENTE EN L'ETAT;MATIERE PREMIERE;AMIDON;A CHAUD;KG;SAC;;INTERNATIONAL;;#REF!;;;#REF!;;;;;;;;;;;;;-;-;-;0;;0;0;-;;;;;;;
19;ACTIVE;;200011;AVEBE PASELLI MC150;;AVEBE;REVENTE EN L'ETAT;MATIERE PREMIERE;AMIDON;;KG;;;INTERNATIONAL;;#REF!;;;#REF!;;;;;;;;;;;;;-;-;-;0;;0;0;-;;;;;;;
20;ACTIVE;;200012;AVEBE PERFECTAMYL AC;;AVEBE;REVENTE EN L'ETAT;MATIERE PREMIERE;AMIDON;;KG;SAC;;INTERNATIONAL;;#REF!;;;#REF!;;;;;;;;;;;;;-;-;-;0;;0;0;-;;;;;;;
21;ACTIVE;;200013;AVEBE PERFECTAMYL GEL;;AVEBE;REVENTE EN L'ETAT;MATIERE PREMIERE;AMIDON;;KG;SAC;;INTERNATIONAL;;#REF!;;;#REF!;;;;;;;;;;;;;-;-;-;0;;0;0;-;;;;;;;
22;ACTIVE;;200014;AVEBE PERFECTAMYL GEL ACT;;AVEBE;REVENTE EN L'ETAT;MATIERE PREMIERE;AMIDON;;KG;SAC;;INTERNATIONAL;;#REF!;;;#REF!;;;;;;;;;;;;;-;-;-;0;;0;0;-;;;;;;;
23;ACTIVE;;200015;AVEBE PERFECTAMYL GEL EMB;;AVEBE;REVENTE EN L'ETAT;MATIERE PREMIERE;AMIDON;;KG;SAC;;INTERNATIONAL;;#REF!;;;#REF!;;;;;;;;;;;;;-;-;-;0;;0;0;-;;;;;;;
24;ACTIVE;NON IDENTIFIE;200016;BIOTEC BBFB;;BIOTEC;REVENTE EN L'ETAT;MATIERE PREMIERE;FERMENT LACTIQUE;;UNITE;SACHET;;INTERNATIONAL;;#REF!;;;#REF!;;;;;;;;;;;;;-;-;-;0;;0;0;-;;;;;;;
25;ACTIVE;;200017;BIOTEC G.CANDIDUM 10 U;;BIOTEC;REVENTE EN L'ETAT;MATIERE PREMIERE;FERMENT LACTIQUE;LACTIQUE;UNITE;SAC;;INTERNATIONAL;;#REF!;;;#REF!;;;;;;;;;;;;;-;-;-;0;;0;0;-;;;;;;;
26;ACTIVE;;200018;BIOTEC G.CANDIDUM 50 U;;BIOTEC;REVENTE EN L'ETAT;MATIERE PREMIERE;FERMENT LACTIQUE;LACTIQUE;UNITE;SAC;;INTERNATIONAL;;#REF!;;;#REF!;;;;;;;;;;;;;-;-;-;0;;0;0;-;;;;;;;
27;ACTIVE;;200019;BIOTEC L.HEL 10U;;BIOTEC;REVENTE EN L'ETAT;MATIERE PREMIERE;FERMENT LACTIQUE;LACTIQUE;UNITE;SAC;;;;#REF!;;;#REF!;;;;;;;;;;;;;-;-;-;0;;0;0;-;;;;;;;
28;ACTIVE;;200020;BIOTEC M1 10U;;BIOTEC;REVENTE EN L'ETAT;MATIERE PREMIERE;FERMENT LACTIQUE;LACTIQUE;UNITE;SAC;;INTERNATIONAL;;#REF!;;;#REF!;;;;;;;;;;;;;-;-;-;0;;0;0;-;;;;;;;
29;ACTIVE;;200021;BIOTEC MCL 10U;;BIOTEC;REVENTE EN L'ETAT;MATIERE PREMIERE;FERMENT LACTIQUE;LACTIQUE;UNITE;SAC;;INTERNATIONAL;;#REF!;;;#REF!;;;;;;;;;;;;;-;-;-;0;;0;0;-;;;;;;;
30;ACTIVE;;200022;BIOTEC MCL MX1 10U;;BIOTEC;REVENTE EN L'ETAT;MATIERE PREMIERE;FERMENT LACTIQUE;LACTIQUE;UNITE;SAC;;;;#REF!;;;#REF!;;;;;;;;;;;;;-;-;-;0;;0;0;-;;;;;;;
31;ACTIVE;;200023;BIOTEC MCL MX1 10U;;BIOTEC;REVENTE EN L'ETAT;MATIERE PREMIERE;FERMENT LACTIQUE;LACTIQUE;UNITE;SAC;;INTERNATIONAL;;#REF!;;;#REF!;;;;;;;;;;;;;-;-;-;0;;0;0;-;;;;;;;
32;ACTIVE;;200024;BIOTEC MCL MX2 10U;;BIOTEC;REVENTE EN L'ETAT;MATIERE PREMIERE;FERMENT LACTIQUE;LACTIQUE;UNITE;SAC;;;;#REF!;;;#REF!;;;;;;;;;;;;;-;-;-;0;;0;0;-;;;;;;;
33;ACTIVE;;200025;BIOTEC MCL MX3 10U;;BIOTEC;REVENTE EN L'ETAT;MATIERE PREMIERE;FERMENT LACTIQUE;LACTIQUE;UNITE;SAC;;;;#REF!;;;#REF!;;;;;;;;;;;;;-;-;-;0;;0;0;-;;;;;;;
34;ACTIVE;;200026;BIOTEC MCL1 10U;;BIOTEC;REVENTE EN L'ETAT;MATIERE PREMIERE;FERMENT LACTIQUE;LACTIQUE;UNITE;SAC;;;;#REF!;;;#REF!;;;;;;;;;;;;;-;-;-;0;;0;0;-;;;;;;;
35;ACTIVE;;200027;BIOTEC MCL1 50U;;BIOTEC;REVENTE EN L'ETAT;MATIERE PREMIERE;FERMENT LACTIQUE;LACTIQUE;UNITE;SAC;;;;#REF!;;;#REF!;;;;;;;;;;;;;-;-;-;0;;0;0;-;;;;;;;
36;ACTIVE;;200028;BIOTEC MCL2 10U;;BIOTEC;REVENTE EN L'ETAT;MATIERE PREMIERE;FERMENT LACTIQUE;LACTIQUE;UNITE;SAC;;;;#REF!;;;#REF!;;;;;;;;;;;;;-;-;-;0;;0;0;-;;;;;;;
37;ACTIVE;;200029;BIOTEC MCL2 50U;;BIOTEC;REVENTE EN L'ETAT;MATIERE PREMIERE;FERMENT LACTIQUE;LACTIQUE;UNITE;SAC;;;;#REF!;;;#REF!;;;;;;;;;;;;;-;-;-;0;;0;0;-;;;;;;;
38;ACTIVE;;200030;BIOTEC MCL3 10U;;BIOTEC;REVENTE EN L'ETAT;MATIERE PREMIERE;FERMENT LACTIQUE;LACTIQUE;UNITE;SAC;;;;#REF!;;;#REF!;;;;;;;;;;;;;-;-;-;0;;0;0;-;;;;;;;
39;ACTIVE;;200031;BIOTEC MCL3 50U;;BIOTEC;REVENTE EN L'ETAT;MATIERE PREMIERE;FERMENT LACTIQUE;LACTIQUE;UNITE;SAC;;INTERNATIONAL;;#REF!;;;#REF!;;;;;;;;;;;;;-;-;-;0;;0;0;-;;;;;;;
40;ACTIVE;;200032;BIOTEC ML MX1 10U (TYPE EDAM);;BIOTEC;REVENTE EN L'ETAT;MATIERE PREMIERE;FERMENT LACTIQUE;LACTIQUE;UNITE;SAC;;;;#REF!;;;#REF!;;;;;;;;;;;;;-;-;-;0;;0;0;-;;;;;;;
41;ACTIVE;;200033;BIOTEC ML MX2 10U (TYPE EDAM);;BIOTEC;REVENTE EN L'ETAT;MATIERE PREMIERE;FERMENT LACTIQUE;LACTIQUE;UNITE;SAC;;;;#REF!;;;#REF!;;;;;;;;;;;;;-;-;-;0;;0;0;-;;;;;;;
42;ACTIVE;NON IDENTIFIE;200034;BIOTEC ML MX3;;BIOTEC;REVENTE EN L'ETAT;MATIERE PREMIERE;FERMENT LACTIQUE;LACTIQUE;UNITE;SAC;;INTERNATIONAL;;#REF!;;;#REF!;;;;;;;;;;;;;-;-;-;0;;0;0;-;;;;;;;
43;ACTIVE;;200035;BIOTEC ML MX3 10U (TYPE EDAM);;BIOTEC;REVENTE EN L'ETAT;MATIERE PREMIERE;FERMENT LACTIQUE;LACTIQUE;UNITE;SAC;;;;#REF!;;;#REF!;;;;;;;;;;;;;-;-;-;0;;0;0;-;;;;;;;
44;ACTIVE;;200036;BIOTEC ML MX4 10U (TYPE EDAM);;BIOTEC;REVENTE EN L'ETAT;MATIERE PREMIERE;FERMENT LACTIQUE;LACTIQUE;UNITE;SAC;;;;#REF!;;;#REF!;;;;;;;;;;;;;-;-;-;0;;0;0;-;;;;;;;
45;ACTIVE;;200037;BIOTEC ML10 10U;;BIOTEC;REVENTE EN L'ETAT;MATIERE PREMIERE;FERMENT LACTIQUE;LACTIQUE;UNITE;SAC;;;;#REF!;;;#REF!;;;;;;;;;;;;;-;-;-;0;;0;0;-;;;;;;;
46;ACTIVE;;200038;BIOTEC ML11 10U;;BIOTEC;REVENTE EN L'ETAT;MATIERE PREMIERE;FERMENT LACTIQUE;LACTIQUE;UNITE;SAC;;;;#REF!;;;#REF!;;;;;;;;;;;;;-;-;-;0;;0;0;-;;;;;;;
47;ACTIVE;;200039;BIOTEC ML9 10U;;BIOTEC;REVENTE EN L'ETAT;MATIERE PREMIERE;FERMENT LACTIQUE;LACTIQUE;UNITE;SAC;;;;#REF!;;;#REF!;;;;;;;;;;;;;-;-;-;0;;0;0;-;;;;;;;
48;ACTIVE;;200040;BIOTEC P.CANDIDUM 10U;;BIOTEC;REVENTE EN L'ETAT;MATIERE PREMIERE;FERMENT LACTIQUE;LACTIQUE;UNITE;SAC;;;;#REF!;;;#REF!;;;;;;;;;;;;;-;-;-;0;;0;0;-;;;;;;;
49;ACTIVE;;200041;BIOTEC P.CANDIDUM 50U;;BIOTEC;REVENTE EN L'ETAT;MATIERE PREMIERE;FERMENT LACTIQUE;LACTIQUE;UNITE;SAC;;;;#REF!;;;#REF!;;;;;;;;;;;;;-;-;-;0;;0;0;-;;;;;;;
50;ACTIVE;;200042;BIOTEC P.CANDIDUM AM 10U;;BIOTEC;REVENTE EN L'ETAT;MATIERE PREMIERE;FERMENT LACTIQUE;LACTIQUE;UNITE;SAC;;INTERNATIONAL;;#REF!;;;#REF!;;;;;;;;;;;;;-;-;-;0;;0;0;-;;;;;;;
51;ACTIVE;;200043;BIOTEC P.CANDIDUM AM 50U;;BIOTEC;REVENTE EN L'ETAT;MATIERE PREMIERE;FERMENT LACTIQUE;LACTIQUE;UNITE;SAC;;INTERNATIONAL;;#REF!;;;#REF!;;;;;;;;;;;;;-;-;-;0;;0;0;-;;;;;;;
52;ACTIVE;;200044;BIOTEC P.ROQUEFORTI 10U;;BIOTEC;REVENTE EN L'ETAT;MATIERE PREMIERE;FERMENT LACTIQUE;LACTIQUE;UNITE;SAC;;;;#REF!;;;#REF!;;;;;;;;;;;;;-;-;-;0;;0;0;-;;;;;;;
53;ACTIVE;;200045;BIOTEC PROPIONICO 10U;;BIOTEC;REVENTE EN L'ETAT;MATIERE PREMIERE;FERMENT LACTIQUE;LACTIQUE;UNITE;SAC;;;;#REF!;;;#REF!;;;;;;;;;;;;;-;-;-;0;;0;0;-;;;;;;;
54;ACTIVE;;200046;BIOTEC ST MX1 10U;;BIOTEC;REVENTE EN L'ETAT;MATIERE PREMIERE;FERMENT LACTIQUE;LACTIQUE;UNITE;SACHET;;INTERNATIONAL;;#REF!;;;#REF!;;;;;;;;;;;;;-;-;-;0;;0;0;-;;;;;;;
55;ACTIVE;;200047;BIOTEC ST MX1 10U (TYPE CAMEMBERT);;BIOTEC;REVENTE EN L'ETAT;MATIERE PREMIERE;FERMENT LACTIQUE;LACTIQUE;UNITE;SACHET;;INTERNATIONAL;;#REF!;;;#REF!;;;;;;;;;;;;;-;-;-;0;;0;0;-;;;;;;;
56;ACTIVE;;200048;BIOTEC ST MX1 50U (TYPE CAMEMBERT);;BIOTEC;REVENTE EN L'ETAT;MATIERE PREMIERE;FERMENT LACTIQUE;LACTIQUE;UNITE;SACHET;;INTERNATIONAL;;#REF!;;;#REF!;;;;;;;;;;;;;-;-;-;0;;0;0;-;;;;;;;
57;ACTIVE;;200049;BIOTEC ST MX1 50U (TYPE CAMEMBERT);;BIOTEC;REVENTE EN L'ETAT;MATIERE PREMIERE;FERMENT LACTIQUE;LACTIQUE;UNITE;SAC;;;;#REF!;;;#REF!;;;;;;;;;;;;;-;-;-;0;;0;0;-;;;;;;;
58;ACTIVE;;200050;BIOTEC ST MX2 10U (TYPE CAMEMBERT);;BIOTEC;REVENTE EN L'ETAT;MATIERE PREMIERE;FERMENT LACTIQUE;LACTIQUE;UNITE;;;;;#REF!;;;#REF!;;;;;;;;;;;;;-;-;-;0;;0;0;-;;;;;;;
59;ACTIVE;;200051;BIOTEC ST MX2 50U (TYPE CAMEMBERT);;BIOTEC;REVENTE EN L'ETAT;MATIERE PREMIERE;FERMENT LACTIQUE;LACTIQUE;UNITE;SAC;;;;#REF!;;;#REF!;;;;;;;;;;;;;-;-;-;0;;0;0;-;;;;;;;
60;ACTIVE;;200052;BIOTEC ST MX3 10U (TYPE CAMEMBERT);;BIOTEC;REVENTE EN L'ETAT;MATIERE PREMIERE;FERMENT LACTIQUE;LACTIQUE;UNITE;SAC;;;;#REF!;;;#REF!;;;;;;;;;;;;;-;-;-;0;;0;0;-;;;;;;;
61;ACTIVE;;200053;BIOTEC ST MX3 50U (TYPE CAMEMBERT);;BIOTEC;REVENTE EN L'ETAT;MATIERE PREMIERE;FERMENT LACTIQUE;LACTIQUE;UNITE;SAC;;;;#REF!;;;#REF!;;;;;;;;;;;;;-;-;-;0;;0;0;-;;;;;;;
62;ACTIVE;;200054;BIOTEC ST MX4 10U (TYPE CAMEMBERT);;BIOTEC;REVENTE EN L'ETAT;MATIERE PREMIERE;FERMENT LACTIQUE;LACTIQUE;UNITE;SAC;;;;#REF!;;;#REF!;;;;;;;;;;;;;-;-;-;0;;0;0;-;;;;;;;
63;ACTIVE;;200055;BIOTEC ST MX4 50U (TYPE CAMEMBERT);;BIOTEC;REVENTE EN L'ETAT;MATIERE PREMIERE;FERMENT LACTIQUE;LACTIQUE;UNITE;SAC;;;;#REF!;;;#REF!;;;;;;;;;;;;;-;-;-;0;;0;0;-;;;;;;;
64;ACTIVE;;200056;BIOTEC STT MMX;;BIOTEC;REVENTE EN L'ETAT;MATIERE PREMIERE;FERMENT LACTIQUE;LACTIQUE;UNITE;SACHET;;INTERNATIONAL;;#REF!;;;#REF!;;;;;;;;;;;;;-;-;-;0;;0;0;-;;;;;;;
65;ACTIVE;;200057;BIOTEC STTH MX 10U;;BIOTEC;REVENTE EN L'ETAT;MATIERE PREMIERE;FERMENT LACTIQUE;LACTIQUE;UNITE;SACHET;;INTERNATIONAL;;#REF!;;;#REF!;;;;;;;;;;;;;-;-;-;0;;0;0;-;;;;;;;
66;ACTIVE;;200058;BIOTEC STTH MX1 10U (TYPE MOZZARELA);;BIOTEC;REVENTE EN L'ETAT;MATIERE PREMIERE;FERMENT LACTIQUE;LACTIQUE;UNITE;SACHET;;INTERNATIONAL;;#REF!;;;#REF!;;;;;;;;;;;;;-;-;-;0;;0;0;-;;;;;;;
67;ACTIVE;;200059;BIOTEC STTH MX2 10U (TYPE MOZZARELA);;BIOTEC;REVENTE EN L'ETAT;MATIERE PREMIERE;FERMENT LACTIQUE;LACTIQUE;UNITE;SACHET;;INTERNATIONAL;;#REF!;;;#REF!;;;;;;;;;;;;;-;-;-;0;;0;0;-;;;;;;;
68;ACTIVE;;200060;BIOTEC STTH MX3 10U (TYPE MOZZARELA);;BIOTEC;REVENTE EN L'ETAT;MATIERE PREMIERE;FERMENT LACTIQUE;LACTIQUE;UNITE;SACHET;;INTERNATIONAL;;#REF!;;;#REF!;;;;;;;;;;;;;-;-;-;0;;0;0;-;;;;;;;
69;ACTIVE;;200061;BIOTEC STTH MX4 10U (TYPE MOZZARELA);;BIOTEC;REVENTE EN L'ETAT;MATIERE PREMIERE;FERMENT LACTIQUE;LACTIQUE;UNITE;SACHET;;INTERNATIONAL;;#REF!;;;#REF!;;;;;;;;;;;;;-;-;-;0;;0;0;-;;;;;;;
70;ACTIVE;;200062;BIOTEC YOGURT SCT 15/4 10U;;BIOTEC;REVENTE EN L'ETAT;MATIERE PREMIERE;FERMENT LACTIQUE;LACTIQUE;UNITE;SAC;;;;#REF!;;;#REF!;;;;;;;;;;;;;-;-;-;0;;0;0;-;;;;;;;
71;ACTIVE;;200063;BIOTEC YOGURT SCT 16/4 10U;;BIOTEC;REVENTE EN L'ETAT;MATIERE PREMIERE;FERMENT LACTIQUE;LACTIQUE;UNITE;SAC;;;;#REF!;;;#REF!;;;;;;;;;;;;;-;-;-;0;;0;0;-;;;;;;;
72;ACTIVE;;200064;BIOTEC YOGURT SF18 10U;;BIOTEC;REVENTE EN L'ETAT;MATIERE PREMIERE;FERMENT LACTIQUE;;UNITE;SACHET;;INTERNATIONAL;;#REF!;;;#REF!;;;;;;;;;;;;;-;-;-;0;;0;0;-;;;;;;;
73;ACTIVE;;200065;BIOTEC YOGURT SF18 E;;BIOTEC;REVENTE EN L'ETAT;MATIERE PREMIERE;FERMENT LACTIQUE;LACTIQUE;UNITE;SAC;;;;#REF!;;;#REF!;;;;;;;;;;;;;-;-;-;0;;0;0;-;;;;;;;
74;ACTIVE;;200066;BIOTEC YOGURT SF19 10U;;BIOTEC;REVENTE EN L'ETAT;MATIERE PREMIERE;FERMENT LACTIQUE;;UNITE;SACHET;;INTERNATIONAL;;#REF!;;;#REF!;;;;;;;;;;;;;-;-;-;0;;0;0;-;;;;;;;
75;ACTIVE;;200067;BIOTEC YOGURT SF19 E;;BIOTEC;REVENTE EN L'ETAT;MATIERE PREMIERE;FERMENT LACTIQUE;LACTIQUE;UNITE;SAC;;;;#REF!;;;#REF!;;;;;;;;;;;;;-;-;-;0;;0;0;-;;;;;;;
76;ACTIVE;;100009;CAISSE EMBALLAGE (DANONE);;;;EMBALLAGE;DIVERS;;UNITE;;;LOCAL;;#REF!;;;#REF!;;;;;;;;;;;;;-;-;-;0;;0;0;-;;;;;;;
77;ACTIVE;NON IDENTIFIE;200068;CARAGHENANE;E407;;REVENTE EN L'ETAT;MATIERE PREMIERE;EPAISSISSANT;FROMAGERIE-PRODUITS LAITIERS-SAUCES-CHARCUTERIE-DENTIFRICE;KG;SAC;;INTERNATIONAL;;#REF!;;;#REF!;;;;;;;;;;;;;-;-;-;0;;0;0;-;;;;;;;
78;ACTIVE;NON IDENTIFIE;200069;CARINSA ARÔME FROMAGE;;CARINSA;REVENTE EN L'ETAT;MATIERE PREMIERE;ARÔME;;KG;CARTON;;INTERNATIONAL;;#REF!;;;#REF!;;;;;;;;;;;;;-;-;-;0;;0;0;-;;;;;;;
79;ACTIVE;NON IDENTIFIE;100010;CARTON 1000Y;;;;EMBALLAGE;DIVERS;;UNITE;CARTON;;LOCAL;;#REF!;;;#REF!;;;;;;;;;;;;;-;-;-;0;;0;0;-;;;;;;;
80;ACTIVE;;100011;CARTON 100Y;;;;EMBALLAGE;DIVERS;;UNITE;CARTON;;LOCAL;;#REF!;;;#REF!;;;;;;;;;;;;;-;-;-;0;;0;0;-;;;;;;;
81;ACTIVE;NON IDENTIFIE;200070;CASEINE;;;REVENTE EN L'ETAT;MATIERE PREMIERE;PROTEINE;;KG;SAC;;LOCAL;;#REF!;;;#REF!;;;;;;;;;;;;;-;-;-;0;;0;0;-;;;;;;;
82;ACTIVE;;200071;CHEESE MASTER E1450;;;REVENTE EN L'ETAT;MATIERE PREMIERE;AMIDON;;KG;SAC;;LOCAL;;#REF!;;;#REF!;;;;;;;;;;;;;-;-;-;0;;0;0;-;;;;;;;
83;ACTIVE;;200072;CHICKEN NUGGETS SEAS;;;REVENTE EN L'ETAT;MATIERE PREMIERE;ARÔME;;KG;SAC;;INTERNATIONAL;;#REF!;;;#REF!;;;;;;;;;;;;;-;-;-;0;;0;0;-;;;;;;;
84;ACTIVE;;100012;CLIP BP2X-CM500;;;REVENTE EN L'ETAT;EMBALLAGE;DIVERS;CHARCUTERIE;KG;CARTON;;INTERNATIONAL;;#REF!;;;#REF!;;;;;;;;;;;;;-;-;-;0;;0;0;-;;;;;;;
85;ACTIVE;;100013;CLIP PCE1CM250;;;REVENTE EN L'ETAT;EMBALLAGE;DIVERS;CHARCUTERIE;KG;CARTON;;INTERNATIONAL;;#REF!;;;#REF!;;;;;;;;;;;;;-;-;-;0;;0;0;-;;;;;;;
86;ACTIVE;;100014;CLIP PCE2CM250;;;REVENTE EN L'ETAT;EMBALLAGE;DIVERS;CHARCUTERIE;KG;CARTON;;INTERNATIONAL;;#REF!;;;#REF!;;;;;;;;;;;;;-;-;-;0;;0;0;-;;;;;;;
87;ACTIVE;;200073;CMC;E466;;REVENTE EN L'ETAT;MATIERE PREMIERE;CONSERVATEUR;BOISSONS-PATISSERIE-GLACES-SAUCES-PHARMA-COSMETIQUE-FORAGE;KG;SAC;;INTERNATIONAL;;#REF!;;;#REF!;;;;;;;;;;;;;-;-;-;0;;0;0;-;;;;;;;
88;ACTIVE;NON IDENTIFIE;200074;COAGULANT MICROBIEN;;;REVENTE EN L'ETAT;MATIERE PREMIERE;FERMENT LACTIQUE;;UNITE;SACHET;;INTERNATIONAL;;#REF!;;;#REF!;;;;;;;;;;;;;-;-;-;0;;0;0;-;;;;;;;
89;ACTIVE;;100015;CONSTANTIA FLEXIBLES KOKILLE FBL 145 MM;;CONSTANTIA FLEXIBLES;REVENTE EN L'ETAT;EMBALLAGE;ALUMINIUM;;KG;;;;;#REF!;;;#REF!;;;;;;;;;;;;;-;-;-;0;;0;0;-;;;;;;;
90;ACTIVE;;100016;CONSTANTIA FLEXIBLES KOKILLE FBL 180 MM;;CONSTANTIA FLEXIBLES;REVENTE EN L'ETAT;EMBALLAGE;ALUMINIUM;;KG;;;;;#REF!;;;#REF!;;;;;;;;;;;;;-;-;-;0;;0;0;-;;;;;;;
91;ACTIVE;;100017;CONSTANTIA FLEXIBLES KOKILLE TARTINO GOLD 145MM;;CONSTANTIA FLEXIBLES;REVENTE EN L'ETAT;EMBALLAGE;ALUMINIUM;;KG;;;;;#REF!;;;#REF!;;;;;;;;;;;;;-;-;-;0;;0;0;-;;;;;;;
92;ACTIVE;;100018;CONSTANTIA FLEXIBLES SHELL FOIL 88MM;;CONSTANTIA FLEXIBLES;REVENTE EN L'ETAT;EMBALLAGE;ALUMINIUM;;KG;;;;;#REF!;;;#REF!;;;;;;;;;;;;;-;-;-;0;;0;0;-;;;;;;;
93;ACTIVE;;100019;CONSTANTIA TEICH ALUMINIUM KOKILLE 154 MM;;CONSTANTIA TEICH;REVENTE EN L'ETAT;EMBALLAGE;ALUMINIUM;FROMAGE PORTION;KG;BOBINE;;INTERNATIONAL;;#REF!;;;#REF!;;;;;;;;;;;;;-;-;-;0;;0;0;-;;;;;;;
94;ACTIVE;;100020;CONSTANTIA TEICH ALUMINIUM LID REEL 49 MM;;CONSTANTIA TEICH;REVENTE EN L'ETAT;EMBALLAGE;ALUMINIUM;FROMAGE PORTION;KG;BOBINE;;INTERNATIONAL;;#REF!;;;#REF!;;;;;;;;;;;;;-;-;-;0;;0;0;-;;;;;;;
95;ACTIVE;;100021;CONSTANTIA TEICH ALUMINIUM OPP 200 MM;;CONSTANTIA TEICH;REVENTE EN L'ETAT;EMBALLAGE;ALUMINIUM;FROMAGE FONDU BARRE;KG;BOBINE;;INTERNATIONAL;;#REF!;;;#REF!;;;;;;;;;;;;;-;-;-;0;;0;0;-;;;;;;;
96;ACTIVE;;100022;CONSTANTIA TEICH ALUMINIUM OPP 240 MM;;CONSTANTIA TEICH;REVENTE EN L'ETAT;EMBALLAGE;ALUMINIUM;FROMAGE FONDU BARRE;KG;BOBINE;;INTERNATIONAL;;#REF!;;;#REF!;;;;;;;;;;;;;-;-;-;0;;0;0;-;;;;;;;
97;ACTIVE;;100023;CONSTANTIA TEICH ALUMINIUM OPP 280 MM;;CONSTANTIA TEICH;REVENTE EN L'ETAT;EMBALLAGE;ALUMINIUM;FROMAGE FONDU BARRE;KG;BOBINE;;INTERNATIONAL;;#REF!;;;#REF!;;;;;;;;;;;;;-;-;-;0;;0;0;-;;;;;;;
98;ACTIVE;;100024;CONSTANTIA TEICH ALUMINIUM OPP 330 MM;;CONSTANTIA TEICH;REVENTE EN L'ETAT;EMBALLAGE;ALUMINIUM;FROMAGE FONDU BARRE;KG;BOBINE;;INTERNATIONAL;;#REF!;;;#REF!;;;;;;;;;;;;;-;-;-;0;;0;0;-;;;;;;;
99;ACTIVE;;200075;DATEM E472E;E472E;;REVENTE EN L'ETAT;MATIERE PREMIERE;EMULSIFIANT;BOULANGERIE INDUSTRIELLE-VIENNOISERIE-CREME GLACEE;KG;SAC;;INTERNATIONAL;;#REF!;;;#REF!;;;;;;;;;;;;;-;-;-;0;;0;0;-;;;;;;;
100;ACTIVE;;200076;DMG E471;E471;;REVENTE EN L'ETAT;MATIERE PREMIERE;EMULSIFIANT;MAYONNAISE-MARGARINERIE-GATEAUX;KG;SAC;;INTERNATIONAL;;#REF!;;;#REF!;;;;;;;;;;;;;-;-;-;0;;0;0;-;;;;;;;
101;ACTIVE;;200077;ECO AGRI TAPIOCA;;ECO AGRI;REVENTE EN L'ETAT;MATIERE PREMIERE;AMIDON;;KG;SAC;;LOCAL;;#REF!;;;#REF!;;;;;;;;;;;;;-;-;-;0;;0;0;-;;;;;;;
102;ACTIVE;NON IDENTIFIE;200078;FECULE AKV;;;REVENTE EN L'ETAT;MATIERE PREMIERE;AMIDON;;KG;SAC;;INTERNATIONAL;;#REF!;;;#REF!;;;;;;;;;;;;;-;-;-;0;;0;0;-;;;;;;;
103;ACTIVE;;100025;FIL D'ARRACHAGE ROUGE;;;REVENTE EN L'ETAT;EMBALLAGE;DIVERS;FROMAGERIE;ML;BOBINE;;LOCAL;;#REF!;;;#REF!;;;;;;;;;;;;;-;-;-;0;;0;0;-;;;;;;;
104;ACTIVE;NON IDENTIFIE;100026;FILM PL;;;REVENTE EN L'ETAT;EMBALLAGE;FILM;;KG;ROULEAU;;LOCAL;;#REF!;;;#REF!;;;;;;;;;;;;;-;-;-;0;;0;0;-;;;;;;;
105;ACTIVE;;200079;GD TRADING BLEND MAYONNAISE;;GD TRADING;REVENTE EN L'ETAT;MATIERE PREMIERE;AMIDON;;KG;SAC;;LOCAL;;#REF!;;;#REF!;;;;;;;;;;;;;-;-;-;0;;0;0;-;;;;;;;
106;ACTIVE;;200080;GD TRADING BLEND MELANGE AMIDON;;GD TRADING;REVENTE EN L'ETAT;MATIERE PREMIERE;AMIDON;;KG;SAC;;INTERNATIONAL;;#REF!;;;#REF!;;;;;;;;;;;;;-;-;-;0;;0;0;-;;;;;;;
107;ACTIVE;NON IDENTIFIE;200081;GRAISSE VEGETALE 3840;;;REVENTE EN L'ETAT;MATIERE PREMIERE;GRAISSE VEGETALE;;KG;CARTON;;LOCAL;;#REF!;;;#REF!;;;;;;;;;;;;;-;-;-;0;;0;0;-;;;;;;;
108;ACTIVE;;200082;HANGZHOU GENGYANG CHEMICAL MATERIALS PGE E475;E475;HANGZHOU GENGYANG CHEMICAL MATERIALS;REVENTE EN L'ETAT;MATIERE PREMIERE;EMULSIFIANT;PATISSERIE-MARGARINERIE-CREME GLACEE;KG;SAC;;INTERNATIONAL;;#REF!;;;#REF!;;;;;;;;;;;;;-;-;-;0;;0;0;-;;;;;;;
109;ACTIVE;;200083;HENAN CHEMSINO INDUSTRY PGE E475;E475;HENAN CHEMSINO INDUSTRY;REVENTE EN L'ETAT;MATIERE PREMIERE;EMULSIFIANT;PATISSERIE-MARGARINERIE-CREME GLACEE;KG;SAC;;INTERNATIONAL;;#REF!;;;#REF!;;;;;;;;;;;;;-;-;-;0;;0;0;-;;;;;;;
110;ACTIVE;;200084;HGYCM ACETEM E472A;E472A;HGYCM;REVENTE EN L'ETAT;MATIERE PREMIERE;EMULSIFIANT;BOULANFERIE INDUSTRIELLE-MARGARINERIE;KG;SAC;;INTERNATIONAL;;#REF!;;;#REF!;;;;;;;;;;;;;-;-;-;0;;0;0;-;;;;;;;
111;ACTIVE;NON IDENTIFIE;200085;HYDROSOL HYDROGUM;E415;HYDROSOL;REVENTE EN L'ETAT;MATIERE PREMIERE;STABILISANT;;KG;CARTON;;LOCAL;;#REF!;;;#REF!;;;;;;;;;;;;;-;-;-;0;;0;0;-;;;;;;;
112;ACTIVE;;200086;INTERSTARCH ALLSTARCH AXA 310;E1422 A CHAUD;INTERSTARCH;REVENTE EN L'ETAT;MATIERE PREMIERE;AMIDON;;KG;SAC;;INTERNATIONAL;;#REF!;;;#REF!;;;;;;;;;;;;;-;-;-;0;;0;0;-;;;;;;;
113;ACTIVE;;200087;INTERSTARCH ALLSTARCH AXA CWS 30.50;E1422 A FROID;INTERSTARCH;REVENTE EN L'ETAT;MATIERE PREMIERE;AMIDON;;KG;SAC;;INTERNATIONAL;;#REF!;;;#REF!;;;;;;;;;;;;;-;-;-;0;;0;0;-;;;;;;;
114;ACTIVE;;200088;INTERSTARCH ALLSTARCH SWELLSTAR CWS30;ENROBAGE;INTERSTARCH;REVENTE EN L'ETAT;MATIERE PREMIERE;AMIDON;;KG;SAC;;INTERNATIONAL;;#REF!;;;#REF!;;;;;;;;;;;;;-;-;-;0;;0;0;-;;;;;;;
115;ACTIVE;;100027;IPS ALUMINIUM KOKILLE 145 MM;;IPS;REVENTE EN L'ETAT;EMBALLAGE;ALUMINIUM;FROMAGE PORTION;KG;BOBINE;;INTERNATIONAL;;#REF!;;;#REF!;;;;;;;;;;;;;-;-;-;0;;0;0;-;;;;;;;
116;ACTIVE;;100028;IPS ALUMINIUM KOKILLE 154 MM FBL;;IPS;REVENTE EN L'ETAT;EMBALLAGE;ALUMINIUM;FROMAGE PORTION;KG;BOBINE;;INTERNATIONAL;;#REF!;;;#REF!;;;;;;;;;;;;;-;-;-;0;;0;0;-;;;;;;;
117;ACTIVE;;100029;IPS ALUMINIUM LID REEL 49 MM;;IPS;REVENTE EN L'ETAT;EMBALLAGE;ALUMINIUM;FROMAGE PORTION;KG;BOBINE;;INTERNATIONAL;;#REF!;;;#REF!;;;;;;;;;;;;;-;-;-;0;;0;0;-;;;;;;;
118;ACTIVE;;200089;JOHA PZ6;;JOHA;REVENTE EN L'ETAT;MATIERE PREMIERE;SEL DE FONTE;;KG;;;;;#REF!;;;#REF!;;;;;;;;;;;;;-;-;-;0;;0;0;-;;;;;;;
119;ACTIVE;;200090;KERRY ADHESION PREDUST 71021676;;KERRY;REVENTE EN L'ETAT;MATIERE PREMIERE;FARINE;;KG;SAC;;INTERNATIONAL;;#REF!;;;#REF!;;;;;;;;;;;;;-;-;-;0;;0;0;-;;;;;;;
120;ACTIVE;;200091;KERRY ARÔME CHEESE FLV TP CHEDDAR;;KERRY;REVENTE EN L'ETAT;MATIERE PREMIERE;ARÔME;;KG;;;;;#REF!;;;#REF!;;;;;;;;;;;;;-;-;-;0;;0;0;-;;;;;;;
121;ACTIVE;;200092;KERRY BIOBAKE 715 CONC;;KERRY;REVENTE EN L'ETAT;MATIERE PREMIERE;ENZYME;;KG;CARTON;;INTERNATIONAL;;#REF!;;;#REF!;;;;;;;;;;;;;-;-;-;0;;0;0;-;;;;;;;
122;ACTIVE;;200093;KERRY BIOBAKE ER;;KERRY;REVENTE EN L'ETAT;MATIERE PREMIERE;ENZYME;;KG;CARTON;;INTERNATIONAL;;#REF!;;;#REF!;;;;;;;;;;;;;-;-;-;0;;0;0;-;;;;;;;
123;ACTIVE;;200094;KERRY BIOBAKE FRESH 10K;;KERRY;REVENTE EN L'ETAT;MATIERE PREMIERE;ENZYME;;KG;CARTON;;INTERNATIONAL;;#REF!;;;#REF!;;;;;;;;;;;;;-;-;-;0;;0;0;-;;;;;;;
124;ACTIVE;;200095;KERRY BIOGOX;;KERRY;REVENTE EN L'ETAT;MATIERE PREMIERE;ENZYME;;KG;CARTON;;INTERNATIONAL;;#REF!;;;#REF!;;;;;;;;;;;;;-;-;-;0;;0;0;-;;;;;;;
125;ACTIVE;;200096;KERRY BMA 804 ADHESION BATTER;;KERRY;REVENTE EN L'ETAT;MATIERE PREMIERE;FARINE;;KG;SAC;;INTERNATIONAL;;#REF!;;;#REF!;;;;;;;;;;;;;-;-;-;0;;0;0;-;;;;;;;
126;ACTIVE;;200097;KERRY BREADCRUMB 5078;;KERRY;REVENTE EN L'ETAT;MATIERE PREMIERE;CHAPELURE;;KG;SAC;;INTERNATIONAL;;#REF!;;;#REF!;;;;;;;;;;;;;-;-;-;0;;0;0;-;;;;;;;
127;ACTIVE;;200098;KERRY BREADCRUMB 5078 (JAUNE);;KERRY;REVENTE EN L'ETAT;MATIERE PREMIERE;CHAPELURE;;KG;SAC;;LOCAL;;#REF!;;;#REF!;;;;;;;;;;;;;-;-;-;0;;0;0;-;;;;;;;
128;ACTIVE;;200099;KERRY MYVATEX;;KERRY;REVENTE EN L'ETAT;MATIERE PREMIERE;EMULSIFIANT;;KG;SAC;;INTERNATIONAL;;#REF!;;;#REF!;;;;;;;;;;;;;-;-;-;0;;0;0;-;;;;;;;
129;ACTIVE;;200100;KERRY MYVEROL 18-04K;E471;KERRY;MIXTE;MATIERE PREMIERE;EMULSIFIANT;;KG;SAC;;INTERNATIONAL;;#REF!;;;#REF!;;;;;;;;;;;;;-;-;-;0;;0;0;-;;;;;;;
130;ACTIVE;;200101;KERRY PANIERMEHL 2109;;KERRY;REVENTE EN L'ETAT;MATIERE PREMIERE;CHAPELURE;;KG;SAC;;INTERNATIONAL;;#REF!;;;#REF!;;;;;;;;;;;;;-;-;-;0;;0;0;-;;;;;;;
131;ACTIVE;;200102;KERRY PANIERMEHL 2109 (ORANGE);;KERRY;REVENTE EN L'ETAT;MATIERE PREMIERE;CHAPELURE;;KG;SAC;;LOCAL;;#REF!;;;#REF!;;;;;;;;;;;;;-;-;-;0;;0;0;-;;;;;;;
132;ACTIVE;;200103;KERRY PROBAKE CP;E282;KERRY;REVENTE EN L'ETAT;MATIERE PREMIERE;CONSERVATEUR;;KG;SAC;;INTERNATIONAL;;#REF!;;;#REF!;;;;;;;;;;;;;-;-;-;0;;0;0;-;;;;;;;
133;ACTIVE;;200104;KERRY PROBAKE CPE;E282;KERRY;REVENTE EN L'ETAT;MATIERE PREMIERE;CONSERVATEUR;;KG;CARTON;;INTERNATIONAL;;#REF!;;;#REF!;;;;;;;;;;;;;-;-;-;0;;0;0;-;;;;;;;
134;ACTIVE;;200105;KERRY PROVIAN N;;KERRY;REVENTE EN L'ETAT;MATIERE PREMIERE;CONSERVATEUR;;KG;;;INTERNATIONAL;;#REF!;;;#REF!;;;;;;;;;;;;;-;-;-;0;;0;0;-;;;;;;;
135;ACTIVE;;200107;KERRY WHIPTREME 8225;;KERRY;REVENTE EN L'ETAT;MATIERE PREMIERE;BASE FOISONNANTE;;KG;SAC;;INTERNATIONAL;;#REF!;;;#REF!;;;;;;;;;;;;;-;-;-;0;;0;0;-;;;;;;;
136;ACTIVE;;200106;KERRY WHIPTREME 8264;;KERRY;REVENTE EN L'ETAT;MATIERE PREMIERE;BASE FOISONNANTE;;KG;SAC;;INTERNATIONAL;;#REF!;;;#REF!;;;;;;;;;;;;;-;-;-;0;;0;0;-;;;;;;;
137;ACTIVE;;200107;KERRY WHIPTREME 8313;;KERRY;REVENTE EN L'ETAT;MATIERE PREMIERE;BASE FOISONNANTE;;KG;SAC;;INTERNATIONAL;;#REF!;;;#REF!;;;;;;;;;;;;;-;-;-;0;;0;0;-;;;;;;;
138;ACTIVE;;200108;KUNDA SORBATE DE POTASSIUM;E202;KUNDA;REVENTE EN L'ETAT;MATIERE PREMIERE;CONSERVATEUR;FROMAGES-YAOURT-BOISSONS-SAUCES-PATES-COSMETIQUE-PHARMA;KG;CARTON;;INTERNATIONAL;;#REF!;;;#REF!;;;;;;;;;;;;;-;-;-;0;;0;0;-;;;;;;;
139;ACTIVE;;200109;LACTEM E472B;E472B;;REVENTE EN L'ETAT;MATIERE PREMIERE;EMULSIFIANT;PATISSERIE-TOPPING-CREME GLACEE-CONFISERIE;KG;BIDON;;INTERNATIONAL;;#REF!;;;#REF!;;;;;;;;;;;;;-;-;-;0;;0;0;-;;;;;;;
140;ACTIVE;;200110;LACTOSERUM ENCAPSULE;;;REVENTE EN L'ETAT;MATIERE PREMIERE;LEVURE;;KG;SAC;;INTERNATIONAL;;#REF!;;;#REF!;;;;;;;;;;;;;-;-;-;0;;0;0;-;;;;;;;
141;ACTIVE;;200111;LEVURE INSTANTANEE;;;REVENTE EN L'ETAT;MATIERE PREMIERE;FERMENT;;KG;CARTON;;INTERNATIONAL;;#REF!;;;#REF!;;;;;;;;;;;;;-;-;-;0;;0;0;-;;;;;;;
142;ACTIVE;;200112;LISOZYMA;;;REVENTE EN L'ETAT;MATIERE PREMIERE;ENZYME;;UNITE;SACHET;;INTERNATIONAL;;#REF!;;;#REF!;;;;;;;;;;;;;-;-;-;0;;0;0;-;;;;;;;
143;ACTIVE;;200113;MEGAFFOD ACIDE CITRIQUE ANHYDRE;E330;MEGAFOOD;REVENTE EN L'ETAT;MATIERE PREMIERE;CONSERVATEUR;CONFISERIE-CONSERVATION DES LEGUMES&FRUITS-PHARMA;KG;SAC;;INTERNATIONAL;;#REF!;;;#REF!;;;;;;;;;;;;;-;-;-;0;;0;0;-;;;;;;;
144;ACTIVE;;200114;MEGAFOOD ACIDE FUMARIQUE ENCAPSULE;E297;MEGAFOOD;REVENTE EN L'ETAT;MATIERE PREMIERE;CONSERVATEUR;;KG;SAC;;INTERNATIONAL;;#REF!;;;#REF!;;;;;;;;;;;;;-;-;-;0;;0;0;-;;;;;;;
145;ACTIVE;;200115;MEGAFOOD ACIDE MALIQUE ENCAPSULE;E296;MEGAFOOD;REVENTE EN L'ETAT;MATIERE PREMIERE;CONSERVATEUR;;KG;SAC;;INTERNATIONAL;;#REF!;;;#REF!;;;;;;;;;;;;;-;-;-;0;;0;0;-;;;;;;;
146;ACTIVE;;200116;MEGAFOOD ACIDE SORBIQUE ENCAPSULE;E200;MEGAFOOD;REVENTE EN L'ETAT;MATIERE PREMIERE;CONSERVATEUR;PATES-PRODUITS LAITIERS-BOULANGERIE INDUSTRIELLE;KG;SAC;;INTERNATIONAL;;#REF!;;;#REF!;;;;;;;;;;;;;-;-;-;0;;0;0;-;;;;;;;
147;ACTIVE;;200117;MEGAFOOD CITRUS FIBER;;MEGAFOOD;REVENTE EN L'ETAT;MATIERE PREMIERE;PROTEINE;;KG;;;;;#REF!;;;#REF!;;;;;;;;;;;;;-;-;-;0;;0;0;-;;;;;;;
148;ACTIVE;NON IDENTIFIE;200118;MEGAFOOD CITRUS FIBRE ENCAPSULE;;MEGAFOOD;REVENTE EN L'ETAT;MATIERE PREMIERE;CONSERVATEUR;;KG;SAC;;INTERNATIONAL;;#REF!;;;#REF!;;;;;;;;;;;;;-;-;-;0;;0;0;-;;;;;;;
149;ACTIVE;;200119;MEGAFOOD FERMENTED WHEYPOWDER;;MEGAFOOD;REVENTE EN L'ETAT;MATIERE PREMIERE;PROTEINE;;KG;;;;;#REF!;;;#REF!;;;;;;;;;;;;;-;-;-;0;;0;0;-;;;;;;;
150;ACTIVE;;200120;MEGAFOOD NATURAL CALCIUM PROPIONATE;E282;MEGAFOOD;REVENTE EN L'ETAT;MATIERE PREMIERE;CONSERVATEUR;;KG;;;;;#REF!;;;#REF!;;;;;;;;;;;;;-;-;-;0;;0;0;-;;;;;;;
151;ACTIVE;;200121;MEGAFOOD NATURAL CALCIUM PROPIONATE 50%;E282;MEGAFOOD;REVENTE EN L'ETAT;MATIERE PREMIERE;CONSERVATEUR;;KG;;;;;#REF!;;;#REF!;;;;;;;;;;;;;-;-;-;0;;0;0;-;;;;;;;
152;ACTIVE;;200122;MOGUNTIA FOOD ARÔME BRILLANTE AIL ROUGE;;MOGUNTIA FOOD GMBH;REVENTE EN L'ETAT;MATIERE PREMIERE;ARÔME;;KG;;;;;#REF!;;;#REF!;;;;;;;;;;;;;-;-;-;0;;0;0;-;;;;;;;
153;ACTIVE;;200123;MOGUNTIA FOOD ARÔME BRILLANTE AU OIGNON FRIT;;MOGUNTIA FOOD GMBH;REVENTE EN L'ETAT;MATIERE PREMIERE;ARÔME;;KG;;;;;#REF!;;;#REF!;;;;;;;;;;;;;-;-;-;0;;0;0;-;;;;;;;
154;ACTIVE;;200124;MOGUNTIA FOOD ARÔME BRILLANTE MAITRE HOTEL;;MOGUNTIA FOOD GMBH;REVENTE EN L'ETAT;MATIERE PREMIERE;ARÔME;;KG;;;;;#REF!;;;#REF!;;;;;;;;;;;;;-;-;-;0;;0;0;-;;;;;;;
155;ACTIVE;;200125;MOGUNTIA FOOD ARÔME BRILLANTE PROVENCE;;MOGUNTIA FOOD GMBH;REVENTE EN L'ETAT;MATIERE PREMIERE;ARÔME;;KG;;;;;#REF!;;;#REF!;;;;;;;;;;;;;-;-;-;0;;0;0;-;;;;;;;
156;ACTIVE;;200126;MOGUNTIA FOOD ARÔME BRILLANTE SMOKEY BARBECUE;;MOGUNTIA FOOD GMBH;REVENTE EN L'ETAT;MATIERE PREMIERE;ARÔME;;KG;;;;;#REF!;;;#REF!;;;;;;;;;;;;;-;-;-;0;;0;0;-;;;;;;;
157;ACTIVE;;200127;MOGUNTIA FOOD ARÔME CACHIR CUMIN;;MOGUNTIA FOOD GMBH;REVENTE EN L'ETAT;MATIERE PREMIERE;ARÔME;;KG;;;;;#REF!;;;#REF!;;;;;;;;;;;;;-;-;-;0;;0;0;-;;;;;;;
158;ACTIVE;NON IDENTIFIE;200128;MOGUNTIA FOOD ARÔME CHEDDAR;;MOGUNTIA FOOD GMBH;REVENTE EN L'ETAT;MATIERE PREMIERE;ARÔME;;KG;SAC;;INTERNATIONAL;;#REF!;;;#REF!;;;;;;;;;;;;;-;-;-;0;;0;0;-;;;;;;;
159;ACTIVE;;200129;MOGUNTIA FOOD ARÔME DEBREZINER;;MOGUNTIA FOOD GMBH;REVENTE EN L'ETAT;MATIERE PREMIERE;ARÔME;;KG;;;;;#REF!;;;#REF!;;;;;;;;;;;;;-;-;-;0;;0;0;-;;;;;;;
160;ACTIVE;;200130;MOGUNTIA FOOD ARÔME EMMENTAL;;MOGUNTIA FOOD GMBH;REVENTE EN L'ETAT;MATIERE PREMIERE;ARÔME;;KG;CARTON;;INTERNATIONAL;;#REF!;;;#REF!;;;;;;;;;;;;;-;-;-;0;;0;0;-;;;;;;;
161;ACTIVE;;200131;MOGUNTIA FOOD ARÔME FORTE PF;;MOGUNTIA FOOD GMBH;REVENTE EN L'ETAT;MATIERE PREMIERE;ARÔME;;KG;;;;;#REF!;;;#REF!;;;;;;;;;;;;;-;-;-;0;;0;0;-;;;;;;;
162;ACTIVE;NON IDENTIFIE;200132;MOGUNTIA FOOD ARÔME GOUDA AMOUR;;MOGUNTIA FOOD GMBH;REVENTE EN L'ETAT;MATIERE PREMIERE;ARÔME;;KG;SAC;;INTERNATIONAL;;#REF!;;;#REF!;;;;;;;;;;;;;-;-;-;0;;0;0;-;;;;;;;
163;ACTIVE;;200133;MOGUNTIA FOOD ARÔME HOT DOG;;MOGUNTIA FOOD GMBH;REVENTE EN L'ETAT;MATIERE PREMIERE;ARÔME;;KG;;;;;#REF!;;;#REF!;;;;;;;;;;;;;-;-;-;0;;0;0;-;;;;;;;
164;ACTIVE;;200134;MOGUNTIA FOOD ARÔME HOT SPICY;;MOGUNTIA FOOD GMBH;REVENTE EN L'ETAT;MATIERE PREMIERE;ARÔME;;KG;;;;;#REF!;;;#REF!;;;;;;;;;;;;;-;-;-;0;;0;0;-;;;;;;;
165;ACTIVE;;200135;MOGUNTIA FOOD ARÔME INTERROT;;MOGUNTIA FOOD GMBH;REVENTE EN L'ETAT;MATIERE PREMIERE;ARÔME;;KG;;;;;#REF!;;;#REF!;;;;;;;;;;;;;-;-;-;0;;0;0;-;;;;;;;
166;ACTIVE;;200136;MOGUNTIA FOOD ARÔME KEBAB DÉLICE;;MOGUNTIA FOOD GMBH;REVENTE EN L'ETAT;MATIERE PREMIERE;ARÔME;;KG;;;;;#REF!;;;#REF!;;;;;;;;;;;;;-;-;-;0;;0;0;-;;;;;;;
167;ACTIVE;;200137;MOGUNTIA FOOD ARÔME LUNCHEON INTENSIF;;MOGUNTIA FOOD GMBH;REVENTE EN L'ETAT;MATIERE PREMIERE;ARÔME;;KG;;;;;#REF!;;;#REF!;;;;;;;;;;;;;-;-;-;0;;0;0;-;;;;;;;
168;ACTIVE;;200138;MOGUNTIA FOOD ARÔME LUNCHEON SPECIAL;;MOGUNTIA FOOD GMBH;REVENTE EN L'ETAT;MATIERE PREMIERE;ARÔME;;KG;;;;;#REF!;;;#REF!;;;;;;;;;;;;;-;-;-;0;;0;0;-;;;;;;;
169;ACTIVE;;200139;MOGUNTIA FOOD ARÔME MERGUEZ DÉLICE;;MOGUNTIA FOOD GMBH;REVENTE EN L'ETAT;MATIERE PREMIERE;ARÔME;;KG;;;;;#REF!;;;#REF!;;;;;;;;;;;;;-;-;-;0;;0;0;-;;;;;;;
170;ACTIVE;;200140;MOGUNTIA FOOD ARÔME PATÉ FROMAGE;;MOGUNTIA FOOD GMBH;REVENTE EN L'ETAT;MATIERE PREMIERE;ARÔME;;KG;;;;;#REF!;;;#REF!;;;;;;;;;;;;;-;-;-;0;;0;0;-;;;;;;;
171;ACTIVE;;200141;MOGUNTIA FOOD ARÔME PATÉ PIZZA;;MOGUNTIA FOOD GMBH;REVENTE EN L'ETAT;MATIERE PREMIERE;ARÔME;;KG;;;;;#REF!;;;#REF!;;;;;;;;;;;;;-;-;-;0;;0;0;-;;;;;;;
172;ACTIVE;;200142;MOGUNTIA FOOD ARÔME PEPPERONI;;MOGUNTIA FOOD GMBH;REVENTE EN L'ETAT;MATIERE PREMIERE;ARÔME;;KG;;;;;#REF!;;;#REF!;;;;;;;;;;;;;-;-;-;0;;0;0;-;;;;;;;
173;ACTIVE;;200143;MOGUNTIA FOOD ARÔME POEKELFIT P SPECIAL;;MOGUNTIA FOOD GMBH;REVENTE EN L'ETAT;MATIERE PREMIERE;ARÔME;;KG;;;;;#REF!;;;#REF!;;;;;;;;;;;;;-;-;-;0;;0;0;-;;;;;;;
174;ACTIVE;;200144;MOGUNTIA FOOD ARÔME PREPARATION SAUCISSE FRANCFORT;;MOGUNTIA FOOD GMBH;REVENTE EN L'ETAT;MATIERE PREMIERE;ARÔME;;KG;;;INTERNATIONAL;;#REF!;;;#REF!;;;;;;;;;;;;;-;-;-;0;;0;0;-;;;;;;;
175;ACTIVE;;200145;MOGUNTIA FOOD ARÔME SMOOX;;MOGUNTIA FOOD GMBH;REVENTE EN L'ETAT;MATIERE PREMIERE;ARÔME;;KG;;;;;#REF!;;;#REF!;;;;;;;;;;;;;-;-;-;0;;0;0;-;;;;;;;
176;ACTIVE;;200146;MOGUNTIA FOOD ARÔME TIROLER;;MOGUNTIA FOOD GMBH;REVENTE EN L'ETAT;MATIERE PREMIERE;ARÔME;;KG;;;;;#REF!;;;#REF!;;;;;;;;;;;;;-;-;-;0;;0;0;-;;;;;;;
177;ACTIVE;;200147;MOGUNTIA FOOD ARÔME TURBO VOLAILLE;;MOGUNTIA FOOD GMBH;REVENTE EN L'ETAT;MATIERE PREMIERE;ARÔME;;KG;;;;;#REF!;;;#REF!;;;;;;;;;;;;;-;-;-;0;;0;0;-;;;;;;;
178;ACTIVE;;200148;MOGUNTIA FOOD ARÔME VIANDE;;MOGUNTIA FOOD GMBH;REVENTE EN L'ETAT;MATIERE PREMIERE;ARÔME;;KG;;;;;#REF!;;;#REF!;;;;;;;;;;;;;-;-;-;0;;0;0;-;;;;;;;
179;ACTIVE;;100030;MULTIPACK MPR E210;;MULTIPACK;REVENTE EN L'ETAT;EMBALLAGE;DIVERS;;UNITE;;;;;#REF!;;;#REF!;;;;;;;;;;;;;-;-;-;0;;0;0;-;;;;;;;
180;ACTIVE;;100031;MULTIPACK MPR E220;;MULTIPACK;REVENTE EN L'ETAT;EMBALLAGE;DIVERS;;UNITE;;;;;#REF!;;;#REF!;;;;;;;;;;;;;-;-;-;0;;0;0;-;;;;;;;
181;ACTIVE;;200149;NANTONG ACIDE SORBIQUE;E200;NANTONG;REVENTE EN L'ETAT;MATIERE PREMIERE;CONSERVATEUR;PATES-PRODUITS LAITIERS-BOULANGERIE INDUSTRIELLE;KG;CARTON;;INTERNATIONAL;;#REF!;;;#REF!;;;;;;;;;;;;;-;-;-;0;;0;0;-;;;;;;;
182;ACTIVE;;200150;NIACET PROBAKE CP;E282;NIACET;REVENTE EN L'ETAT;MATIERE PREMIERE;CONSERVATEUR;PATES-PRODUITS LAITIERS-BOULANGERIE INDUSTRIELLE;KG;;;;;#REF!;;;#REF!;;;;;;;;;;;;;-;-;-;0;;0;0;-;;;;;;;
183;ACTIVE;;100032;PALETTE EN BOIS 100x120;;;;EMBALLAGE;DIVERS;;UNITE;;;;;#REF!;;;#REF!;;;;;;;;;;;;;-;-;-;0;;0;0;-;;;;;;;
184;ACTIVE;;100033;PALETTE EN BOIS 100x140;;;;EMBALLAGE;DIVERS;;UNITE;;;;;#REF!;;;#REF!;;;;;;;;;;;;;-;-;-;0;;0;0;-;;;;;;;
185;ACTIVE;;200151;PARRAFINE JAUNE;;;REVENTE EN L'ETAT;MATIERE PREMIERE;PARAFFINE;;KG;CARTON;;INTERNATIONAL;;#REF!;;;#REF!;;;;;;;;;;;;;-;-;-;0;;0;0;-;;;;;;;
186;ACTIVE;;200152;PARRAFINE JAUNE (CARTON);;;REVENTE EN L'ETAT;MATIERE PREMIERE;PARAFFINE;;KG;CARTON;;INTERNATIONAL;;#REF!;;;#REF!;;;;;;;;;;;;;-;-;-;0;;0;0;-;;;;;;;
187;ACTIVE;;200153;PARRAFINE ROUGE;;;REVENTE EN L'ETAT;MATIERE PREMIERE;PARAFFINE;;KG;CARTON;;INTERNATIONAL;;#REF!;;;#REF!;;;;;;;;;;;;;-;-;-;0;;0;0;-;;;;;;;
188;ACTIVE;;200154;PARRAFINE ROUGE (CARTON);;;REVENTE EN L'ETAT;MATIERE PREMIERE;PARAFFINE;;KG;CARTON;;INTERNATIONAL;;#REF!;;;#REF!;;;;;;;;;;;;;-;-;-;0;;0;0;-;;;;;;;
189;ACTIVE;;200155;PGPR E476;E476;;REVENTE EN L'ETAT;MATIERE PREMIERE;EMULSIFIANT;CHOCOLAT A TARTINER - MATIERE GRASSE A TARTINER;KG;BIDON;;INTERNATIONAL;;#REF!;;;#REF!;;;;;;;;;;;;;-;-;-;0;;0;0;-;;;;;;;
190;ACTIVE;;100034;POLYBOL ALUMINIUM OPP 280 MM;;POLYBOL;REVENTE EN L'ETAT;EMBALLAGE;ALUMINIUM;FROMAGE FONDU BARRE;KG;BOBINE;;INTERNATIONAL;;#REF!;;;#REF!;;;;;;;;;;;;;-;-;-;0;;0;0;-;;;;;;;
191;ACTIVE;;200156;POTASSIUM SORBATE GRANULAR;;SHANDONG KUNDA BIOTECHNOLOGY CO., LTD;REVENTE EN L'ETAT;MATIERE PREMIERE;CONSERVATEUR;;KG;;;;;#REF!;;;#REF!;;;;;;;;;;;;;-;-;-;0;;0;0;-;;;;;;;
192;ACTIVE;;200157;POUDRE DE LAIT 0%;;;REVENTE EN L'ETAT;MATIERE PREMIERE;LAIT;;UNITE;SACHET;;INTERNATIONAL;;#REF!;;;#REF!;;;;;;;;;;;;;-;-;-;0;;0;0;-;;;;;;;
193;ACTIVE;NON IDENTIFIE;200158;PREGEL;;;REVENTE EN L'ETAT;MATIERE PREMIERE;AMIDON;;KG;SAC;;INTERNATIONAL;;#REF!;;;#REF!;;;;;;;;;;;;;-;-;-;0;;0;0;-;;;;;;;
194;ACTIVE;;200159;RIO BLANCO QUEFOS 12;;RIO BLANCO;REVENTE EN L'ETAT;MATIERE PREMIERE;SEL DE FONTE;;KG;SAC;;;;#REF!;;;#REF!;;;;;;;;;;;;;-;-;-;0;;0;0;-;;;;;;;
195;ACTIVE;;200160;RIO BLANCO QUEFOS 15;;RIO BLANCO;REVENTE EN L'ETAT;MATIERE PREMIERE;SEL DE FONTE;;KG;SAC;;;;#REF!;;;#REF!;;;;;;;;;;;;;-;-;-;0;;0;0;-;;;;;;;
196;ACTIVE;;200161;RIO BLANCO QUEFOS 26;;RIO BLANCO;REVENTE EN L'ETAT;MATIERE PREMIERE;SEL DE FONTE;;KG;;;;;#REF!;;;#REF!;;;;;;;;;;;;;-;-;-;0;;0;0;-;;;;;;;
197;ACTIVE;;200162;RIO BLANCO QUEFOS 51N;;RIO BLANCO;REVENTE EN L'ETAT;MATIERE PREMIERE;SEL DE FONTE;;KG;SAC;;INTERNATIONAL;;#REF!;;;#REF!;;;;;;;;;;;;;-;-;-;0;;0;0;-;;;;;;;
198;ACTIVE;;200163;RIO BLANCO QUEFOS 89;;RIO BLANCO;REVENTE EN L'ETAT;MATIERE PREMIERE;SEL DE FONTE;;KG;SAC;;INTERNATIONAL;;#REF!;;;#REF!;;;;;;;;;;;;;-;-;-;0;;0;0;-;;;;;;;
199;ACTIVE;;200164;ROQUETTE CH10;;ROQUETTE;REVENTE EN L'ETAT;MATIERE PREMIERE;AMIDON;;KG;SAC;;;;#REF!;;;#REF!;;;;;;;;;;;;;-;-;-;0;;0;0;-;;;;;;;
200;ACTIVE;;200165;ROQUETTE CH30;A CHAUD;ROQUETTE;REVENTE EN L'ETAT;MATIERE PREMIERE;AMIDON;;KG;FUT;;LOCAL;;#REF!;;;#REF!;;;;;;;;;;;;;;;;0;;0;0;-;;;;;;;
201;ACTIVE;;200166;ROQUETTE CH40;A FROID;ROQUETTE;REVENTE EN L'ETAT;MATIERE PREMIERE;AMIDON;;KG;SAC;;INTERNATIONAL;;#REF!;;;#REF!;;;;;;;;;;;;;-;-;-;0;;0;0;-;;;;;;;
202;ACTIVE;;100035;RUBAN ADHESIF 1000Y 38µ;;GD TRADING;PRODUCTION;EMBALLAGE;RUBAN ADHESIF;;UNITE;CARTON;;LOCAL;;#REF!;;;#REF!;;;;;;;;;;;;;-;-;-;0;;0;0;-;;;;;;;
203;ACTIVE;;100036;RUBAN ADHESIF 1000Y 50µ;;GD TRADING;PRODUCTION;EMBALLAGE;RUBAN ADHESIF;;UNITE;CARTON;;LOCAL;;#REF!;;;#REF!;;;;;;;;;;;;;-;-;-;0;;0;0;-;;;;;;;
204;ACTIVE;;100037;RUBAN ADHESIF 100Y 38µ;;GD TRADING;PRODUCTION;EMBALLAGE;RUBAN ADHESIF;;UNITE;CARTON;;LOCAL;;#REF!;;;#REF!;;;;;;;;;;;;;-;-;-;0;;0;0;-;;;;;;;
205;ACTIVE;;100038;RUBAN ADHESIF 100Y 50µ;;GD TRADING;PRODUCTION;EMBALLAGE;RUBAN ADHESIF;;UNITE;CARTON;;LOCAL;;#REF!;;;#REF!;;;;;;;;;;;;;-;-;-;0;;0;0;-;;;;;;;
206;ACTIVE;;100039;RUBAN ADHESIF 150Y 38µ;;GD TRADING;PRODUCTION;EMBALLAGE;RUBAN ADHESIF;;UNITE;CARTON;;LOCAL;;#REF!;;;#REF!;;;;;;;;;;;;;-;-;-;0;;0;0;-;;;;;;;
207;ACTIVE;;100040;RUBAN ADHESIF 160Y 38µ;;GD TRADING;PRODUCTION;EMBALLAGE;RUBAN ADHESIF;;UNITE;CARTON;;LOCAL;;#REF!;;;#REF!;;;;;;;;;;;;;-;-;-;0;;0;0;-;;;;;;;
208;ACTIVE;;100041;RUBAN ADHESIF 170Y 38µ;;GD TRADING;PRODUCTION;EMBALLAGE;RUBAN ADHESIF;;UNITE;CARTON;;LOCAL;;#REF!;;;#REF!;;;;;;;;;;;;;-;-;-;0;;0;0;-;;;;;;;
209;ACTIVE;;100042;RUBAN ADHESIF 200Y 38µ;;GD TRADING;PRODUCTION;EMBALLAGE;RUBAN ADHESIF;;UNITE;CARTON;;LOCAL;;#REF!;;;#REF!;;;;;;;;;;;;;-;-;-;0;;0;0;-;;;;;;;
210;ACTIVE;;100043;RUBAN ADHESIF 300Y 38µ;;GD TRADING;PRODUCTION;EMBALLAGE;RUBAN ADHESIF;;UNITE;CARTON;;LOCAL;;#REF!;;;#REF!;;;;;;;;;;;;;-;-;-;0;;0;0;-;;;;;;;
211;ACTIVE;;100044;RUBAN ADHESIF 30Y 38µ;;GD TRADING;PRODUCTION;EMBALLAGE;RUBAN ADHESIF;;UNITE;CARTON;;LOCAL;;#REF!;;;#REF!;;;;;;;;;;;;;-;-;-;0;;0;0;-;;;;;;;
212;ACTIVE;;100045;RUBAN ADHESIF 50Y 38µ;;GD TRADING;PRODUCTION;EMBALLAGE;RUBAN ADHESIF;;UNITE;CARTON;;LOCAL;;#REF!;;;#REF!;;;;;;;;;;;;;-;-;-;0;;0;0;-;;;;;;;
213;ACTIVE;;100046;RUBAN ADHESIF 60Y 38µ;;GD TRADING;PRODUCTION;EMBALLAGE;RUBAN ADHESIF;;UNITE;CARTON;;LOCAL;;#REF!;;;#REF!;;;;;;;;;;;;;-;-;-;0;;0;0;-;;;;;;;
214;ACTIVE;;100047;RUBAN ADHESIF 80Y 38µ;;GD TRADING;PRODUCTION;EMBALLAGE;RUBAN ADHESIF;;UNITE;CARTON;;LOCAL;;#REF!;;;#REF!;;;;;;;;;;;;;-;-;-;0;;0;0;-;;;;;;;
215;ACTIVE;;100048;SAC 25 KG;;;;EMBALLAGE;DIVERS;;UNITE;;;LOCAL;;#REF!;;;#REF!;;;;;;;;;;;;;-;-;-;0;;0;0;-;;;;;;;
216;ACTIVE;;200167;SODIUM ACID PYROPHOSPHATE;;GUIZHOU WENGFU GENE-PHOS CHEMICAL, LTD.;REVENTE EN L'ETAT;MATIERE PREMIERE;CONSERVATEUR;;KG;;;;;#REF!;;;#REF!;;;;;;;;;;;;;-;-;-;0;;0;0;-;;;;;;;
217;ACTIVE;;200168;SODIUM ACID PYROPHOSPHATE 28;E450I;;REVENTE EN L'ETAT;MATIERE PREMIERE;CONSERVATEUR;AGENT LEVANT (LEVURE&BISCUITS)-CHARCUTERIE-TRAITEMENT DES EAUX;KG;SAC;;INTERNATIONAL;;#REF!;;;#REF!;;;;;;;;;;;;;-;-;-;0;;0;0;-;;;;;;;
218;ACTIVE;;200169;SPIGA GLYCEROL EP (FUT);;SPIGA;REVENTE EN L'ETAT;MATIERE PREMIERE;HUMIDIFIANT;;L;;;;;#REF!;;;#REF!;;;;;;;;;;;;;-;-;-;0;;0;0;-;;;;;;;
219;ACTIVE;;200170;SPIGA GLYCEROL EP (IBC);;SPIGA;REVENTE EN L'ETAT;MATIERE PREMIERE;HUMIDIFIANT;;L;;;;;#REF!;;;#REF!;;;;;;;;;;;;;-;-;-;0;;0;0;-;;;;;;;
220;ACTIVE;;200171;SSL E481;E481;;REVENTE EN L'ETAT;MATIERE PREMIERE;EMULSIFIANT;BOULANGERIE-PATISSERIE;KG;SAC;;INTERNATIONAL;;#REF!;;;#REF!;;;;;;;;;;;;;-;-;-;0;;0;0;-;;;;;;;
221;ACTIVE;;200172;SUCRE;;;REVENTE EN L'ETAT;MATIERE PREMIERE;SUCRE;;UNITE;SAC;;;;#REF!;;;#REF!;;;;;;;;;;;;;-;-;-;0;;0;0;-;;;;;;;
222;ACTIVE;;200173;SUIMED PARRAFINE ROUGE (NOUVEAU);;SUIMED;REVENTE EN L'ETAT;MATIERE PREMIERE;PARAFFINE;;KG;CARTON;;INTERNATIONAL;;#REF!;;;#REF!;;;;;;;;;;;;;-;-;-;0;;0;0;-;;;;;;;
223;ACTIVE;;;SYMETAL ALUMINIUM  SILVER ALU-FOIL 38 MIC / 385MM;;;REVENTE EN L'ETAT;EMBALLAGE;ALUMINIUM;;;;;;;#REF!;;;#REF!;;;;;;;;;;;;;-;-;-;0;;0;0;-;;;;;;;
224;ACTIVE;;;SYMETAL ALUMINIUM  SILVER ALU-FOIL 38 MIC / 620MM;;;REVENTE EN L'ETAT;EMBALLAGE;ALUMINIUM;;;;;;;#REF!;;;#REF!;;;;;;;;;;;;;-;-;-;0;;0;0;-;;;;;;;
225;ACTIVE;;200174;TECNALIS FOOD PROCESSING PARRAFINE JAUNE;;TECNALIS FOOD PROCESSING;REVENTE EN L'ETAT;MATIERE PREMIERE;PARAFFINE;;KG;CARTON;;INTERNATIONAL;;#REF!;;;#REF!;;;;;;;;;;;;;-;-;-;0;;0;0;-;;;;;;;
226;ACTIVE;;200175;TECNALIS FOOD PROCESSING PARRAFINE ROUGE;;TECNALIS FOOD PROCESSING;REVENTE EN L'ETAT;MATIERE PREMIERE;PARAFFINE;;KG;CARTON;;INTERNATIONAL;;#REF!;;;#REF!;;;;;;;;;;;;;-;-;-;0;;0;0;-;;;;;;;
227;ACTIVE;;100049;TEFLON 12;;;REVENTE EN L'ETAT;EMBALLAGE;ALUMINIUM;;UNITE;BOBINE;;INTERNATIONAL;;#REF!;;;#REF!;;;;;;;;;;;;;-;-;-;0;;0;0;-;;;;;;;
228;ACTIVE;;100050;TEFLON 22;;;REVENTE EN L'ETAT;EMBALLAGE;ALUMINIUM;;UNITE;BOBINE;;INTERNATIONAL;;#REF!;;;#REF!;;;;;;;;;;;;;-;-;-;0;;0;0;-;;;;;;;
229;ACTIVE;;100051;TIRCEL 81MM EXTERIEUR;;;REVENTE EN L'ETAT;EMBALLAGE;ALUMINIUM;FROMAGE PORTION;KG;BOBINE;;INTERNATIONAL;;#REF!;;;#REF!;;;;;;;;;;;;;-;-;-;0;;0;0;-;;;;;;;
230;ACTIVE;;100052;TIRCEL INTERIEUR;;;REVENTE EN L'ETAT;EMBALLAGE;ALUMINIUM;FROMAGE PORTION;KG;BOBINE;;INTERNATIONAL;;#REF!;;;#REF!;;;;;;;;;;;;;-;-;-;0;;0;0;-;;;;;;;
231;ACTIVE;;100053;TIRCEL P30V1 AR 8MMG INTERIEUR;;;REVENTE EN L'ETAT;EMBALLAGE;ALUMINIUM;FROMAGE PORTION;KG;BOBINE;;INTERNATIONAL;;#REF!;;;#REF!;;;;;;;;;;;;;-;-;-;0;;0;0;-;;;;;;;
232;ACTIVE;;100054;TUBE EN CARTON 03MM;;;;EMBALLAGE;DIVERS;;UNITE;;;LOCAL;;#REF!;;;#REF!;;;;;;;;;;;;;-;-;-;0;;0;0;-;;;;;;;
233;ACTIVE;;100055;TUBE EN CARTON 04MM;;;;EMBALLAGE;DIVERS;;UNITE;;;LOCAL;;#REF!;;;#REF!;;;;;;;;;;;;;-;-;-;0;;0;0;-;;;;;;;
234;ACTIVE;;200176;VINCURD;;;REVENTE EN L'ETAT;MATIERE PREMIERE;AMIDON;;KG;SAC;;INTERNATIONAL;;#REF!;;;#REF!;;;;;;;;;;;;;-;-;-;0;;0;0;-;;;;;;;
235;ACTIVE;;200177;VINPAI MELTALPA;;VINPAI;REVENTE EN L'ETAT;MATIERE PREMIERE;AMIDON;;KG;SAC;;INTERNATIONAL;;#REF!;;;#REF!;;;;;;;;;;;;;-;-;-;0;;0;0;-;;;;;;;
236;ACTIVE;;200178;VINPAI MOZZALPA;;VINPAI;REVENTE EN L'ETAT;MATIERE PREMIERE;AMIDON;;KG;SAC;;INTERNATIONAL;;#REF!;;;#REF!;;;;;;;;;;;;;-;-;-;0;;0;0;-;;;;;;;
237;ACTIVE;;200179;VPLAST NATAMYCINE;E235;VPLAST;REVENTE EN L'ETAT;MATIERE PREMIERE;CONSERVATEUR;;KG;BIDON;;INTERNATIONAL;;#REF!;;;#REF!;;;;;;;;;;;;;-;-;-;0;;0;0;-;;;;;;;
238;ACTIVE;;200180;XANTHAN GUM 80MESH E415;;;REVENTE EN L'ETAT;MATIERE PREMIERE;EMULSIFIANT;;KG;;;INTERNATIONAL;;#REF!;;;#REF!;;;;;;;;;;;;;-;-;-;0;;0;0;-;;;;;;;
